time,dataset,round,scope,client_idx,requested_k,realized_k,samples,min_count,p25_count,median_count,mean_count,max_count,singleton_clusters,clusters_lt3,clusters_lt5,cluster_cache_hit,cluster_fit_seconds,collection_seconds,model_seed,split_seed,partition_seed,encoder,descriptor
2026-09-01T15:12:12,lipo,0,client,0,16,16,634,4.0,10.25,20.5,39.625,154.0,0,0,1,False,2.5286625996232033,2.8301208689808846,0,0,0,mpnn,fingerprint
2026-09-01T15:12:12,lipo,0,client,1,16,16,840,9.0,14.75,33.5,52.5,163.0,0,0,0,False,2.6361591331660748,3.060924306511879,0,0,0,mpnn,fingerprint
2026-09-01T15:12:12,lipo,0,client,2,16,16,840,6.0,10.0,19.0,52.5,207.0,0,0,0,False,3.8578960821032524,4.27978877723217,0,0,0,mpnn,fingerprint
2026-09-01T15:12:12,lipo,0,client,3,16,16,1046,9.0,18.75,24.5,65.375,280.0,0,0,0,False,6.477589059621096,7.00770403072238,0,0,0,mpnn,fingerprint
2026-09-01T15:12:12,lipo,0,server,server,16,16,3360,6.0,13.5,25.5,210.0,1686.0,0,0,0,False,0.5229859240353107,0.5254143103957176,0,0,0,mpnn,fingerprint
2026-09-01T15:12:59,lipo,1,client,0,16,16,634,4.0,10.25,20.5,39.625,154.0,0,0,1,True,0.0,0.3064417913556099,0,0,0,mpnn,fingerprint
2026-09-01T15:12:59,lipo,1,client,1,16,16,840,9.0,14.75,33.5,52.5,163.0,0,0,0,True,0.0,0.42959896102547646,0,0,0,mpnn,fingerprint
2026-09-01T15:12:59,lipo,1,client,2,16,16,840,6.0,10.0,19.0,52.5,207.0,0,0,0,True,0.0,0.4211171977221966,0,0,0,mpnn,fingerprint
2026-09-01T15:12:59,lipo,1,client,3,16,16,1046,9.0,18.75,24.5,65.375,280.0,0,0,0,True,0.0,0.5179817229509354,0,0,0,mpnn,fingerprint
2026-09-01T15:12:59,lipo,1,server,server,16,16,3360,6.0,13.5,25.5,210.0,1686.0,0,0,0,True,0.0,0.01905747875571251,0,0,0,mpnn,fingerprint
2026-09-01T15:13:46,lipo,2,client,0,16,16,634,4.0,10.25,20.5,39.625,154.0,0,0,1,True,0.0,0.29705632105469704,0,0,0,mpnn,fingerprint
2026-09-01T15:13:46,lipo,2,client,1,16,16,840,9.0,14.75,33.5,52.5,163.0,0,0,0,True,0.0,0.4311213940382004,0,0,0,mpnn,fingerprint
2026-09-01T15:13:46,lipo,2,client,2,16,16,840,6.0,10.0,19.0,52.5,207.0,0,0,0,True,0.0,0.41888485848903656,0,0,0,mpnn,fingerprint
2026-09-01T15:13:46,lipo,2,client,3,16,16,1046,9.0,18.75,24.5,65.375,280.0,0,0,0,True,0.0,0.5037493593990803,0,0,0,mpnn,fingerprint
2026-09-01T15:13:46,lipo,2,server,server,16,16,3360,6.0,13.5,25.5,210.0,1686.0,0,0,0,True,0.0,0.002066567540168762,0,0,0,mpnn,fingerprint
2026-09-01T15:14:33,lipo,3,client,0,16,16,634,4.0,10.25,20.5,39.625,154.0,0,0,1,True,0.0,0.2977776415646076,0,0,0,mpnn,fingerprint
2026-09-01T15:14:33,lipo,3,client,1,16,16,840,9.0,14.75,33.5,52.5,163.0,0,0,0,True,0.0,0.4241274334490299,0,0,0,mpnn,fingerprint
2026-09-01T15:14:33,lipo,3,client,2,16,16,840,6.0,10.0,19.0,52.5,207.0,0,0,0,True,0.0,0.43234772980213165,0,0,0,mpnn,fingerprint
2026-09-01T15:14:33,lipo,3,client,3,16,16,1046,9.0,18.75,24.5,65.375,280.0,0,0,0,True,0.0,0.5138970911502838,0,0,0,mpnn,fingerprint
2026-09-01T15:14:33,lipo,3,server,server,16,16,3360,6.0,13.5,25.5,210.0,1686.0,0,0,0,True,0.0,0.002029307186603546,0,0,0,mpnn,fingerprint
2026-09-01T15:15:20,lipo,4,client,0,16,16,634,4.0,10.25,20.5,39.625,154.0,0,0,1,True,0.0,0.3042164668440819,0,0,0,mpnn,fingerprint
2026-09-01T15:15:20,lipo,4,client,1,16,16,840,9.0,14.75,33.5,52.5,163.0,0,0,0,True,0.0,0.3796037621796131,0,0,0,mpnn,fingerprint
2026-09-01T15:15:20,lipo,4,client,2,16,16,840,6.0,10.0,19.0,52.5,207.0,0,0,0,True,0.0,0.38278868421912193,0,0,0,mpnn,fingerprint
2026-09-01T15:15:20,lipo,4,client,3,16,16,1046,9.0,18.75,24.5,65.375,280.0,0,0,0,True,0.0,0.5072626508772373,0,0,0,mpnn,fingerprint
2026-09-01T15:15:20,lipo,4,server,server,16,16,3360,6.0,13.5,25.5,210.0,1686.0,0,0,0,True,0.0,0.002015884965658188,0,0,0,mpnn,fingerprint
2026-09-01T15:16:06,lipo,5,client,0,16,16,634,4.0,10.25,20.5,39.625,154.0,0,0,1,True,0.0,0.31138814613223076,0,0,0,mpnn,fingerprint
2026-09-01T15:16:06,lipo,5,client,1,16,16,840,9.0,14.75,33.5,52.5,163.0,0,0,0,True,0.0,0.4246452711522579,0,0,0,mpnn,fingerprint
2026-09-01T15:16:06,lipo,5,client,2,16,16,840,6.0,10.0,19.0,52.5,207.0,0,0,0,True,0.0,0.4259692467749119,0,0,0,mpnn,fingerprint
2026-09-01T15:16:06,lipo,5,client,3,16,16,1046,9.0,18.75,24.5,65.375,280.0,0,0,0,True,0.0,0.5107622630894184,0,0,0,mpnn,fingerprint
2026-09-01T15:16:06,lipo,5,server,server,16,16,3360,6.0,13.5,25.5,210.0,1686.0,0,0,0,True,0.0,0.0020269155502319336,0,0,0,mpnn,fingerprint
2026-09-01T15:16:51,lipo,6,client,0,16,16,634,4.0,10.25,20.5,39.625,154.0,0,0,1,True,0.0,0.2964615598320961,0,0,0,mpnn,fingerprint
2026-09-01T15:16:51,lipo,6,client,1,16,16,840,9.0,14.75,33.5,52.5,163.0,0,0,0,True,0.0,0.42497236654162407,0,0,0,mpnn,fingerprint
2026-09-01T15:16:51,lipo,6,client,2,16,16,840,6.0,10.0,19.0,52.5,207.0,0,0,0,True,0.0,0.3223514147102833,0,0,0,mpnn,fingerprint
2026-09-01T15:16:51,lipo,6,client,3,16,16,1046,9.0,18.75,24.5,65.375,280.0,0,0,0,True,0.0,0.5390872731804848,0,0,0,mpnn,fingerprint
2026-09-01T15:16:51,lipo,6,server,server,16,16,3360,6.0,13.5,25.5,210.0,1686.0,0,0,0,True,0.0,0.0020339898765087128,0,0,0,mpnn,fingerprint
2026-09-01T15:17:34,lipo,7,client,0,16,16,634,4.0,10.25,20.5,39.625,154.0,0,0,1,True,0.0,0.31877126917243004,0,0,0,mpnn,fingerprint
2026-09-01T15:17:34,lipo,7,client,1,16,16,840,9.0,14.75,33.5,52.5,163.0,0,0,0,True,0.0,0.3721206374466419,0,0,0,mpnn,fingerprint
2026-09-01T15:17:34,lipo,7,client,2,16,16,840,6.0,10.0,19.0,52.5,207.0,0,0,0,True,0.0,0.435669407248497,0,0,0,mpnn,fingerprint
2026-09-01T15:17:34,lipo,7,client,3,16,16,1046,9.0,18.75,24.5,65.375,280.0,0,0,0,True,0.0,0.3396960012614727,0,0,0,mpnn,fingerprint
2026-09-01T15:17:34,lipo,7,server,server,16,16,3360,6.0,13.5,25.5,210.0,1686.0,0,0,0,True,0.0,0.03130550682544708,0,0,0,mpnn,fingerprint
2026-09-01T15:18:24,lipo,8,client,0,16,16,634,4.0,10.25,20.5,39.625,154.0,0,0,1,True,0.0,0.2421153038740158,0,0,0,mpnn,fingerprint
2026-09-01T15:18:24,lipo,8,client,1,16,16,840,9.0,14.75,33.5,52.5,163.0,0,0,0,True,0.0,0.47778289020061493,0,0,0,mpnn,fingerprint
2026-09-01T15:18:24,lipo,8,client,2,16,16,840,6.0,10.0,19.0,52.5,207.0,0,0,0,True,0.0,0.4643208682537079,0,0,0,mpnn,fingerprint
2026-09-01T15:18:24,lipo,8,client,3,16,16,1046,9.0,18.75,24.5,65.375,280.0,0,0,0,True,0.0,0.5672695860266685,0,0,0,mpnn,fingerprint
2026-09-01T15:18:24,lipo,8,server,server,16,16,3360,6.0,13.5,25.5,210.0,1686.0,0,0,0,True,0.0,0.002029385417699814,0,0,0,mpnn,fingerprint
2026-09-01T15:19:15,lipo,9,client,0,16,16,634,4.0,10.25,20.5,39.625,154.0,0,0,1,True,0.0,0.32882459834218025,0,0,0,mpnn,fingerprint
2026-09-01T15:19:15,lipo,9,client,1,16,16,840,9.0,14.75,33.5,52.5,163.0,0,0,0,True,0.0,0.5495562255382538,0,0,0,mpnn,fingerprint
2026-09-01T15:19:15,lipo,9,client,2,16,16,840,6.0,10.0,19.0,52.5,207.0,0,0,0,True,0.0,0.4592437781393528,0,0,0,mpnn,fingerprint
2026-09-01T15:19:15,lipo,9,client,3,16,16,1046,9.0,18.75,24.5,65.375,280.0,0,0,0,True,0.0,0.49525975063443184,0,0,0,mpnn,fingerprint
2026-09-01T15:19:15,lipo,9,server,server,16,16,3360,6.0,13.5,25.5,210.0,1686.0,0,0,0,True,0.0,0.0023544393479824066,0,0,0,mpnn,fingerprint
2026-09-01T15:20:03,lipo,10,client,0,16,16,634,4.0,10.25,20.5,39.625,154.0,0,0,1,True,0.0,0.25027602538466454,0,0,0,mpnn,fingerprint
2026-09-01T15:20:03,lipo,10,client,1,16,16,840,9.0,14.75,33.5,52.5,163.0,0,0,0,True,0.0,0.4740692973136902,0,0,0,mpnn,fingerprint
2026-09-01T15:20:03,lipo,10,client,2,16,16,840,6.0,10.0,19.0,52.5,207.0,0,0,0,True,0.0,0.47179555520415306,0,0,0,mpnn,fingerprint
2026-09-01T15:20:03,lipo,10,client,3,16,16,1046,9.0,18.75,24.5,65.375,280.0,0,0,0,True,0.0,0.5809554867446423,0,0,0,mpnn,fingerprint
2026-09-01T15:20:03,lipo,10,server,server,16,16,3360,6.0,13.5,25.5,210.0,1686.0,0,0,0,True,0.0,0.0020420774817466736,0,0,0,mpnn,fingerprint
2026-09-01T15:20:54,lipo,11,client,0,16,16,634,4.0,10.25,20.5,39.625,154.0,0,0,1,True,0.0,0.34185416251420975,0,0,0,mpnn,fingerprint
2026-09-01T15:20:54,lipo,11,client,1,16,16,840,9.0,14.75,33.5,52.5,163.0,0,0,0,True,0.0,0.47124360501766205,0,0,0,mpnn,fingerprint
2026-09-01T15:20:54,lipo,11,client,2,16,16,840,6.0,10.0,19.0,52.5,207.0,0,0,0,True,0.0,0.4722936898469925,0,0,0,mpnn,fingerprint
2026-09-01T15:20:54,lipo,11,client,3,16,16,1046,9.0,18.75,24.5,65.375,280.0,0,0,0,True,0.0,0.5605184696614742,0,0,0,mpnn,fingerprint
2026-09-01T15:20:54,lipo,11,server,server,16,16,3360,6.0,13.5,25.5,210.0,1686.0,0,0,0,True,0.0,0.0020346492528915405,0,0,0,mpnn,fingerprint
2026-09-01T15:21:45,lipo,12,client,0,16,16,634,4.0,10.25,20.5,39.625,154.0,0,0,1,True,0.0,0.33932042866945267,0,0,0,mpnn,fingerprint
2026-09-01T15:21:45,lipo,12,client,1,16,16,840,9.0,14.75,33.5,52.5,163.0,0,0,0,True,0.0,0.4755393750965595,0,0,0,mpnn,fingerprint
2026-09-01T15:21:45,lipo,12,client,2,16,16,840,6.0,10.0,19.0,52.5,207.0,0,0,0,True,0.0,0.478745948523283,0,0,0,mpnn,fingerprint
2026-09-01T15:21:45,lipo,12,client,3,16,16,1046,9.0,18.75,24.5,65.375,280.0,0,0,0,True,0.0,0.5707908719778061,0,0,0,mpnn,fingerprint
2026-09-01T15:21:45,lipo,12,server,server,16,16,3360,6.0,13.5,25.5,210.0,1686.0,0,0,0,True,0.0,0.009150337427854538,0,0,0,mpnn,fingerprint
2026-09-01T15:22:36,lipo,13,client,0,16,16,634,4.0,10.25,20.5,39.625,154.0,0,0,1,True,0.0,0.32920005545020103,0,0,0,mpnn,fingerprint
2026-09-01T15:22:36,lipo,13,client,1,16,16,840,9.0,14.75,33.5,52.5,163.0,0,0,0,True,0.0,0.4697150029242039,0,0,0,mpnn,fingerprint
2026-09-01T15:22:36,lipo,13,client,2,16,16,840,6.0,10.0,19.0,52.5,207.0,0,0,0,True,0.0,0.4705052562057972,0,0,0,mpnn,fingerprint
2026-09-01T15:22:36,lipo,13,client,3,16,16,1046,9.0,18.75,24.5,65.375,280.0,0,0,0,True,0.0,0.5613357052206993,0,0,0,mpnn,fingerprint
2026-09-01T15:22:36,lipo,13,server,server,16,16,3360,6.0,13.5,25.5,210.0,1686.0,0,0,0,True,0.0,0.002045147120952606,0,0,0,mpnn,fingerprint
2026-09-01T15:23:27,lipo,14,client,0,16,16,634,4.0,10.25,20.5,39.625,154.0,0,0,1,True,0.0,0.3415079079568386,0,0,0,mpnn,fingerprint
2026-09-01T15:23:27,lipo,14,client,1,16,16,840,9.0,14.75,33.5,52.5,163.0,0,0,0,True,0.0,0.48958829417824745,0,0,0,mpnn,fingerprint
2026-09-01T15:23:27,lipo,14,client,2,16,16,840,6.0,10.0,19.0,52.5,207.0,0,0,0,True,0.0,0.47554509341716766,0,0,0,mpnn,fingerprint
2026-09-01T15:23:27,lipo,14,client,3,16,16,1046,9.0,18.75,24.5,65.375,280.0,0,0,0,True,0.0,0.5588945969939232,0,0,0,mpnn,fingerprint
2026-09-01T15:23:27,lipo,14,server,server,16,16,3360,6.0,13.5,25.5,210.0,1686.0,0,0,0,True,0.0,0.002013247460126877,0,0,0,mpnn,fingerprint
2026-09-01T15:24:19,lipo,15,client,0,16,16,634,4.0,10.25,20.5,39.625,154.0,0,0,1,True,0.0,0.3392280228435993,0,0,0,mpnn,fingerprint
2026-09-01T15:24:19,lipo,15,client,1,16,16,840,9.0,14.75,33.5,52.5,163.0,0,0,0,True,0.0,0.46353551745414734,0,0,0,mpnn,fingerprint
2026-09-01T15:24:19,lipo,15,client,2,16,16,840,6.0,10.0,19.0,52.5,207.0,0,0,0,True,0.0,0.4720185250043869,0,0,0,mpnn,fingerprint
2026-09-01T15:24:19,lipo,15,client,3,16,16,1046,9.0,18.75,24.5,65.375,280.0,0,0,0,True,0.0,0.5585133172571659,0,0,0,mpnn,fingerprint
2026-09-01T15:24:19,lipo,15,server,server,16,16,3360,6.0,13.5,25.5,210.0,1686.0,0,0,0,True,0.0,0.002036314457654953,0,0,0,mpnn,fingerprint
2026-09-01T15:25:10,lipo,16,client,0,16,16,634,4.0,10.25,20.5,39.625,154.0,0,0,1,True,0.0,0.3365597389638424,0,0,0,mpnn,fingerprint
2026-09-01T15:25:10,lipo,16,client,1,16,16,840,9.0,14.75,33.5,52.5,163.0,0,0,0,True,0.0,0.46721359342336655,0,0,0,mpnn,fingerprint
2026-09-01T15:25:10,lipo,16,client,2,16,16,840,6.0,10.0,19.0,52.5,207.0,0,0,0,True,0.0,0.47736669704318047,0,0,0,mpnn,fingerprint
2026-09-01T15:25:10,lipo,16,client,3,16,16,1046,9.0,18.75,24.5,65.375,280.0,0,0,0,True,0.0,0.5748603157699108,0,0,0,mpnn,fingerprint
2026-09-01T15:25:10,lipo,16,server,server,16,16,3360,6.0,13.5,25.5,210.0,1686.0,0,0,0,True,0.0,0.0020404383540153503,0,0,0,mpnn,fingerprint
2026-09-01T15:26:02,lipo,17,client,0,16,16,634,4.0,10.25,20.5,39.625,154.0,0,0,1,True,0.0,0.3290105164051056,0,0,0,mpnn,fingerprint
2026-09-01T15:26:02,lipo,17,client,1,16,16,840,9.0,14.75,33.5,52.5,163.0,0,0,0,True,0.0,0.4622533321380615,0,0,0,mpnn,fingerprint
2026-09-01T15:26:02,lipo,17,client,2,16,16,840,6.0,10.0,19.0,52.5,207.0,0,0,0,True,0.0,0.47285179048776627,0,0,0,mpnn,fingerprint
2026-09-01T15:26:02,lipo,17,client,3,16,16,1046,9.0,18.75,24.5,65.375,280.0,0,0,0,True,0.0,0.5430620796978474,0,0,0,mpnn,fingerprint
2026-09-01T15:26:02,lipo,17,server,server,16,16,3360,6.0,13.5,25.5,210.0,1686.0,0,0,0,True,0.0,0.012061387300491333,0,0,0,mpnn,fingerprint
2026-09-01T15:26:53,lipo,18,client,0,16,16,634,4.0,10.25,20.5,39.625,154.0,0,0,1,True,0.0,0.3144705705344677,0,0,0,mpnn,fingerprint
2026-09-01T15:26:53,lipo,18,client,1,16,16,840,9.0,14.75,33.5,52.5,163.0,0,0,0,True,0.0,0.46916529908776283,0,0,0,mpnn,fingerprint
2026-09-01T15:26:53,lipo,18,client,2,16,16,840,6.0,10.0,19.0,52.5,207.0,0,0,0,True,0.0,0.47728969529271126,0,0,0,mpnn,fingerprint
2026-09-01T15:26:53,lipo,18,client,3,16,16,1046,9.0,18.75,24.5,65.375,280.0,0,0,0,True,0.0,0.5771865881979465,0,0,0,mpnn,fingerprint
2026-09-01T15:26:53,lipo,18,server,server,16,16,3360,6.0,13.5,25.5,210.0,1686.0,0,0,0,True,0.0,0.010568302124738693,0,0,0,mpnn,fingerprint
2026-09-01T15:27:44,lipo,19,client,0,16,16,634,4.0,10.25,20.5,39.625,154.0,0,0,1,True,0.0,0.33952756226062775,0,0,0,mpnn,fingerprint
2026-09-01T15:27:44,lipo,19,client,1,16,16,840,9.0,14.75,33.5,52.5,163.0,0,0,0,True,0.0,0.470131516456604,0,0,0,mpnn,fingerprint
2026-09-01T15:27:44,lipo,19,client,2,16,16,840,6.0,10.0,19.0,52.5,207.0,0,0,0,True,0.0,0.4783845543861389,0,0,0,mpnn,fingerprint
2026-09-01T15:27:44,lipo,19,client,3,16,16,1046,9.0,18.75,24.5,65.375,280.0,0,0,0,True,0.0,0.573940921574831,0,0,0,mpnn,fingerprint
2026-09-01T15:27:44,lipo,19,server,server,16,16,3360,6.0,13.5,25.5,210.0,1686.0,0,0,0,True,0.0,0.0020516254007816315,0,0,0,mpnn,fingerprint
2026-09-01T15:28:36,lipo,20,client,0,16,16,634,4.0,10.25,20.5,39.625,154.0,0,0,1,True,0.0,0.34063201397657394,0,0,0,mpnn,fingerprint
2026-09-01T15:28:36,lipo,20,client,1,16,16,840,9.0,14.75,33.5,52.5,163.0,0,0,0,True,0.0,0.4755891487002373,0,0,0,mpnn,fingerprint
2026-09-01T15:28:36,lipo,20,client,2,16,16,840,6.0,10.0,19.0,52.5,207.0,0,0,0,True,0.0,0.4693223424255848,0,0,0,mpnn,fingerprint
2026-09-01T15:28:36,lipo,20,client,3,16,16,1046,9.0,18.75,24.5,65.375,280.0,0,0,0,True,0.0,0.5628083981573582,0,0,0,mpnn,fingerprint
2026-09-01T15:28:36,lipo,20,server,server,16,16,3360,6.0,13.5,25.5,210.0,1686.0,0,0,0,True,0.0,0.0020070038735866547,0,0,0,mpnn,fingerprint
2026-09-01T15:29:27,lipo,21,client,0,16,16,634,4.0,10.25,20.5,39.625,154.0,0,0,1,True,0.0,0.33887093886733055,0,0,0,mpnn,fingerprint
2026-09-01T15:29:27,lipo,21,client,1,16,16,840,9.0,14.75,33.5,52.5,163.0,0,0,0,True,0.0,0.47425732389092445,0,0,0,mpnn,fingerprint
2026-09-01T15:29:27,lipo,21,client,2,16,16,840,6.0,10.0,19.0,52.5,207.0,0,0,0,True,0.0,0.46738266572356224,0,0,0,mpnn,fingerprint
2026-09-01T15:29:27,lipo,21,client,3,16,16,1046,9.0,18.75,24.5,65.375,280.0,0,0,0,True,0.0,0.5577070973813534,0,0,0,mpnn,fingerprint
2026-09-01T15:29:27,lipo,21,server,server,16,16,3360,6.0,13.5,25.5,210.0,1686.0,0,0,0,True,0.0,0.0020255297422409058,0,0,0,mpnn,fingerprint
2026-09-01T15:30:18,lipo,22,client,0,16,16,634,4.0,10.25,20.5,39.625,154.0,0,0,1,True,0.0,0.3172488212585449,0,0,0,mpnn,fingerprint
2026-09-01T15:30:18,lipo,22,client,1,16,16,840,9.0,14.75,33.5,52.5,163.0,0,0,0,True,0.0,0.4679175578057766,0,0,0,mpnn,fingerprint
2026-09-01T15:30:18,lipo,22,client,2,16,16,840,6.0,10.0,19.0,52.5,207.0,0,0,0,True,0.0,0.43856196478009224,0,0,0,mpnn,fingerprint
2026-09-01T15:30:18,lipo,22,client,3,16,16,1046,9.0,18.75,24.5,65.375,280.0,0,0,0,True,0.0,0.5653504244983196,0,0,0,mpnn,fingerprint
2026-09-01T15:30:18,lipo,22,server,server,16,16,3360,6.0,13.5,25.5,210.0,1686.0,0,0,0,True,0.0,0.0020322054624557495,0,0,0,mpnn,fingerprint
2026-09-01T15:31:09,lipo,23,client,0,16,16,634,4.0,10.25,20.5,39.625,154.0,0,0,1,True,0.0,0.3336585462093353,0,0,0,mpnn,fingerprint
2026-09-01T15:31:09,lipo,23,client,1,16,16,840,9.0,14.75,33.5,52.5,163.0,0,0,0,True,0.0,0.4689463749527931,0,0,0,mpnn,fingerprint
2026-09-01T15:31:09,lipo,23,client,2,16,16,840,6.0,10.0,19.0,52.5,207.0,0,0,0,True,0.0,0.469170905649662,0,0,0,mpnn,fingerprint
2026-09-01T15:31:09,lipo,23,client,3,16,16,1046,9.0,18.75,24.5,65.375,280.0,0,0,0,True,0.0,0.5648479275405407,0,0,0,mpnn,fingerprint
2026-09-01T15:31:09,lipo,23,server,server,16,16,3360,6.0,13.5,25.5,210.0,1686.0,0,0,0,True,0.0,0.0020559169352054596,0,0,0,mpnn,fingerprint
2026-09-01T15:32:00,lipo,24,client,0,16,16,634,4.0,10.25,20.5,39.625,154.0,0,0,1,True,0.0,0.3330269232392311,0,0,0,mpnn,fingerprint
2026-09-01T15:32:00,lipo,24,client,1,16,16,840,9.0,14.75,33.5,52.5,163.0,0,0,0,True,0.0,0.46500875800848007,0,0,0,mpnn,fingerprint
2026-09-01T15:32:00,lipo,24,client,2,16,16,840,6.0,10.0,19.0,52.5,207.0,0,0,0,True,0.0,0.46771107241511345,0,0,0,mpnn,fingerprint
2026-09-01T15:32:00,lipo,24,client,3,16,16,1046,9.0,18.75,24.5,65.375,280.0,0,0,0,True,0.0,0.5653413198888302,0,0,0,mpnn,fingerprint
2026-09-01T15:32:00,lipo,24,server,server,16,16,3360,6.0,13.5,25.5,210.0,1686.0,0,0,0,True,0.0,0.0020260587334632874,0,0,0,mpnn,fingerprint
2026-09-01T15:32:51,lipo,25,client,0,16,16,634,4.0,10.25,20.5,39.625,154.0,0,0,1,True,0.0,0.33188796415925026,0,0,0,mpnn,fingerprint
2026-09-01T15:32:51,lipo,25,client,1,16,16,840,9.0,14.75,33.5,52.5,163.0,0,0,0,True,0.0,0.46647707745432854,0,0,0,mpnn,fingerprint
2026-09-01T15:32:51,lipo,25,client,2,16,16,840,6.0,10.0,19.0,52.5,207.0,0,0,0,True,0.0,0.45984289422631264,0,0,0,mpnn,fingerprint
2026-09-01T15:32:51,lipo,25,client,3,16,16,1046,9.0,18.75,24.5,65.375,280.0,0,0,0,True,0.0,0.5664376020431519,0,0,0,mpnn,fingerprint
2026-09-01T15:32:51,lipo,25,server,server,16,16,3360,6.0,13.5,25.5,210.0,1686.0,0,0,0,True,0.0,0.0020099766552448273,0,0,0,mpnn,fingerprint
2026-09-01T15:33:43,lipo,26,client,0,16,16,634,4.0,10.25,20.5,39.625,154.0,0,0,1,True,0.0,0.34534208849072456,0,0,0,mpnn,fingerprint
2026-09-01T15:33:43,lipo,26,client,1,16,16,840,9.0,14.75,33.5,52.5,163.0,0,0,0,True,0.0,0.4699625000357628,0,0,0,mpnn,fingerprint
2026-09-01T15:33:43,lipo,26,client,2,16,16,840,6.0,10.0,19.0,52.5,207.0,0,0,0,True,0.0,0.4722297526896,0,0,0,mpnn,fingerprint
2026-09-01T15:33:43,lipo,26,client,3,16,16,1046,9.0,18.75,24.5,65.375,280.0,0,0,0,True,0.0,0.5639333538711071,0,0,0,mpnn,fingerprint
2026-09-01T15:33:43,lipo,26,server,server,16,16,3360,6.0,13.5,25.5,210.0,1686.0,0,0,0,True,0.0,0.002208452671766281,0,0,0,mpnn,fingerprint
2026-09-01T15:34:34,lipo,27,client,0,16,16,634,4.0,10.25,20.5,39.625,154.0,0,0,1,True,0.0,0.33098029717803,0,0,0,mpnn,fingerprint
2026-09-01T15:34:34,lipo,27,client,1,16,16,840,9.0,14.75,33.5,52.5,163.0,0,0,0,True,0.0,0.4673866666853428,0,0,0,mpnn,fingerprint
2026-09-01T15:34:34,lipo,27,client,2,16,16,840,6.0,10.0,19.0,52.5,207.0,0,0,0,True,0.0,0.46704016253352165,0,0,0,mpnn,fingerprint
2026-09-01T15:34:34,lipo,27,client,3,16,16,1046,9.0,18.75,24.5,65.375,280.0,0,0,0,True,0.0,0.5724018961191177,0,0,0,mpnn,fingerprint
2026-09-01T15:34:34,lipo,27,server,server,16,16,3360,6.0,13.5,25.5,210.0,1686.0,0,0,0,True,0.0,0.002039719372987747,0,0,0,mpnn,fingerprint
2026-09-01T15:35:25,lipo,28,client,0,16,16,634,4.0,10.25,20.5,39.625,154.0,0,0,1,True,0.0,0.3301842175424099,0,0,0,mpnn,fingerprint
2026-09-01T15:35:25,lipo,28,client,1,16,16,840,9.0,14.75,33.5,52.5,163.0,0,0,0,True,0.0,0.46657275408506393,0,0,0,mpnn,fingerprint
2026-09-01T15:35:25,lipo,28,client,2,16,16,840,6.0,10.0,19.0,52.5,207.0,0,0,0,True,0.0,0.46397869288921356,0,0,0,mpnn,fingerprint
2026-09-01T15:35:25,lipo,28,client,3,16,16,1046,9.0,18.75,24.5,65.375,280.0,0,0,0,True,0.0,0.5828020013868809,0,0,0,mpnn,fingerprint
2026-09-01T15:35:25,lipo,28,server,server,16,16,3360,6.0,13.5,25.5,210.0,1686.0,0,0,0,True,0.0,0.028146065771579742,0,0,0,mpnn,fingerprint
2026-09-01T15:36:16,lipo,29,client,0,16,16,634,4.0,10.25,20.5,39.625,154.0,0,0,1,True,0.0,0.3360403962433338,0,0,0,mpnn,fingerprint
2026-09-01T15:36:16,lipo,29,client,1,16,16,840,9.0,14.75,33.5,52.5,163.0,0,0,0,True,0.0,0.47111213207244873,0,0,0,mpnn,fingerprint
2026-09-01T15:36:16,lipo,29,client,2,16,16,840,6.0,10.0,19.0,52.5,207.0,0,0,0,True,0.0,0.462051909416914,0,0,0,mpnn,fingerprint
2026-09-01T15:36:16,lipo,29,client,3,16,16,1046,9.0,18.75,24.5,65.375,280.0,0,0,0,True,0.0,0.5676704123616219,0,0,0,mpnn,fingerprint
2026-09-01T15:36:16,lipo,29,server,server,16,16,3360,6.0,13.5,25.5,210.0,1686.0,0,0,0,True,0.0,0.0020514465868473053,0,0,0,mpnn,fingerprint
2026-09-01T15:37:07,lipo,30,client,0,16,16,634,4.0,10.25,20.5,39.625,154.0,0,0,1,True,0.0,0.33338674902915955,0,0,0,mpnn,fingerprint
2026-09-01T15:37:07,lipo,30,client,1,16,16,840,9.0,14.75,33.5,52.5,163.0,0,0,0,True,0.0,0.47203829512000084,0,0,0,mpnn,fingerprint
2026-09-01T15:37:07,lipo,30,client,2,16,16,840,6.0,10.0,19.0,52.5,207.0,0,0,0,True,0.0,0.45515501126646996,0,0,0,mpnn,fingerprint
2026-09-01T15:37:07,lipo,30,client,3,16,16,1046,9.0,18.75,24.5,65.375,280.0,0,0,0,True,0.0,0.5119759030640125,0,0,0,mpnn,fingerprint
2026-09-01T15:37:07,lipo,30,server,server,16,16,3360,6.0,13.5,25.5,210.0,1686.0,0,0,0,True,0.0,0.01060761883854866,0,0,0,mpnn,fingerprint
2026-09-01T15:37:58,lipo,31,client,0,16,16,634,4.0,10.25,20.5,39.625,154.0,0,0,1,True,0.0,0.32428453862667084,0,0,0,mpnn,fingerprint
2026-09-01T15:37:58,lipo,31,client,1,16,16,840,9.0,14.75,33.5,52.5,163.0,0,0,0,True,0.0,0.45922378078103065,0,0,0,mpnn,fingerprint
2026-09-01T15:37:58,lipo,31,client,2,16,16,840,6.0,10.0,19.0,52.5,207.0,0,0,0,True,0.0,0.47230637073516846,0,0,0,mpnn,fingerprint
2026-09-01T15:37:58,lipo,31,client,3,16,16,1046,9.0,18.75,24.5,65.375,280.0,0,0,0,True,0.0,0.5806949809193611,0,0,0,mpnn,fingerprint
2026-09-01T15:37:58,lipo,31,server,server,16,16,3360,6.0,13.5,25.5,210.0,1686.0,0,0,0,True,0.0,0.011212483048439026,0,0,0,mpnn,fingerprint
2026-09-01T15:38:50,lipo,32,client,0,16,16,634,4.0,10.25,20.5,39.625,154.0,0,0,1,True,0.0,0.3293265663087368,0,0,0,mpnn,fingerprint
2026-09-01T15:38:50,lipo,32,client,1,16,16,840,9.0,14.75,33.5,52.5,163.0,0,0,0,True,0.0,0.46604758501052856,0,0,0,mpnn,fingerprint
2026-09-01T15:38:50,lipo,32,client,2,16,16,840,6.0,10.0,19.0,52.5,207.0,0,0,0,True,0.0,0.46239660307765007,0,0,0,mpnn,fingerprint
2026-09-01T15:38:50,lipo,32,client,3,16,16,1046,9.0,18.75,24.5,65.375,280.0,0,0,0,True,0.0,0.5682142712175846,0,0,0,mpnn,fingerprint
2026-09-01T15:38:50,lipo,32,server,server,16,16,3360,6.0,13.5,25.5,210.0,1686.0,0,0,0,True,0.0,0.0020103156566619873,0,0,0,mpnn,fingerprint
2026-09-01T15:39:41,lipo,33,client,0,16,16,634,4.0,10.25,20.5,39.625,154.0,0,0,1,True,0.0,0.3390806131064892,0,0,0,mpnn,fingerprint
2026-09-01T15:39:41,lipo,33,client,1,16,16,840,9.0,14.75,33.5,52.5,163.0,0,0,0,True,0.0,0.4060707688331604,0,0,0,mpnn,fingerprint
2026-09-01T15:39:41,lipo,33,client,2,16,16,840,6.0,10.0,19.0,52.5,207.0,0,0,0,True,0.0,0.4725021719932556,0,0,0,mpnn,fingerprint
2026-09-01T15:39:41,lipo,33,client,3,16,16,1046,9.0,18.75,24.5,65.375,280.0,0,0,0,True,0.0,0.5636491179466248,0,0,0,mpnn,fingerprint
2026-09-01T15:39:41,lipo,33,server,server,16,16,3360,6.0,13.5,25.5,210.0,1686.0,0,0,0,True,0.0,0.0020034462213516235,0,0,0,mpnn,fingerprint
2026-09-01T15:40:32,lipo,34,client,0,16,16,634,4.0,10.25,20.5,39.625,154.0,0,0,1,True,0.0,0.3343486450612545,0,0,0,mpnn,fingerprint
2026-09-01T15:40:32,lipo,34,client,1,16,16,840,9.0,14.75,33.5,52.5,163.0,0,0,0,True,0.0,0.4646724499762058,0,0,0,mpnn,fingerprint
2026-09-01T15:40:32,lipo,34,client,2,16,16,840,6.0,10.0,19.0,52.5,207.0,0,0,0,True,0.0,0.46569574251770973,0,0,0,mpnn,fingerprint
2026-09-01T15:40:32,lipo,34,client,3,16,16,1046,9.0,18.75,24.5,65.375,280.0,0,0,0,True,0.0,0.5694524347782135,0,0,0,mpnn,fingerprint
2026-09-01T15:40:32,lipo,34,server,server,16,16,3360,6.0,13.5,25.5,210.0,1686.0,0,0,0,True,0.0,0.0020608454942703247,0,0,0,mpnn,fingerprint
2026-09-01T15:41:22,lipo,35,client,0,16,16,634,4.0,10.25,20.5,39.625,154.0,0,0,1,True,0.0,0.3331133984029293,0,0,0,mpnn,fingerprint
2026-09-01T15:41:22,lipo,35,client,1,16,16,840,9.0,14.75,33.5,52.5,163.0,0,0,0,True,0.0,0.4735207110643387,0,0,0,mpnn,fingerprint
2026-09-01T15:41:22,lipo,35,client,2,16,16,840,6.0,10.0,19.0,52.5,207.0,0,0,0,True,0.0,0.46146389469504356,0,0,0,mpnn,fingerprint
2026-09-01T15:41:22,lipo,35,client,3,16,16,1046,9.0,18.75,24.5,65.375,280.0,0,0,0,True,0.0,0.5607881210744381,0,0,0,mpnn,fingerprint
2026-09-01T15:41:22,lipo,35,server,server,16,16,3360,6.0,13.5,25.5,210.0,1686.0,0,0,0,True,0.0,0.01130959764122963,0,0,0,mpnn,fingerprint
2026-09-01T15:42:14,lipo,36,client,0,16,16,634,4.0,10.25,20.5,39.625,154.0,0,0,1,True,0.0,0.3309251070022583,0,0,0,mpnn,fingerprint
2026-09-01T15:42:14,lipo,36,client,1,16,16,840,9.0,14.75,33.5,52.5,163.0,0,0,0,True,0.0,0.46674633026123047,0,0,0,mpnn,fingerprint
2026-09-01T15:42:14,lipo,36,client,2,16,16,840,6.0,10.0,19.0,52.5,207.0,0,0,0,True,0.0,0.4789847917854786,0,0,0,mpnn,fingerprint
2026-09-01T15:42:14,lipo,36,client,3,16,16,1046,9.0,18.75,24.5,65.375,280.0,0,0,0,True,0.0,0.5687996260821819,0,0,0,mpnn,fingerprint
2026-09-01T15:42:14,lipo,36,server,server,16,16,3360,6.0,13.5,25.5,210.0,1686.0,0,0,0,True,0.0,0.0020138099789619446,0,0,0,mpnn,fingerprint
2026-09-01T15:43:05,lipo,37,client,0,16,16,634,4.0,10.25,20.5,39.625,154.0,0,0,1,True,0.0,0.33590564876794815,0,0,0,mpnn,fingerprint
2026-09-01T15:43:05,lipo,37,client,1,16,16,840,9.0,14.75,33.5,52.5,163.0,0,0,0,True,0.0,0.46148093417286873,0,0,0,mpnn,fingerprint
2026-09-01T15:43:05,lipo,37,client,2,16,16,840,6.0,10.0,19.0,52.5,207.0,0,0,0,True,0.0,0.47114042192697525,0,0,0,mpnn,fingerprint
2026-09-01T15:43:05,lipo,37,client,3,16,16,1046,9.0,18.75,24.5,65.375,280.0,0,0,0,True,0.0,0.5669596828520298,0,0,0,mpnn,fingerprint
2026-09-01T15:43:05,lipo,37,server,server,16,16,3360,6.0,13.5,25.5,210.0,1686.0,0,0,0,True,0.0,0.03533489257097244,0,0,0,mpnn,fingerprint
2026-09-01T15:43:56,lipo,38,client,0,16,16,634,4.0,10.25,20.5,39.625,154.0,0,0,1,True,0.0,0.3373263515532017,0,0,0,mpnn,fingerprint
2026-09-01T15:43:56,lipo,38,client,1,16,16,840,9.0,14.75,33.5,52.5,163.0,0,0,0,True,0.0,0.46605538204312325,0,0,0,mpnn,fingerprint
2026-09-01T15:43:56,lipo,38,client,2,16,16,840,6.0,10.0,19.0,52.5,207.0,0,0,0,True,0.0,0.47044121101498604,0,0,0,mpnn,fingerprint
2026-09-01T15:43:56,lipo,38,client,3,16,16,1046,9.0,18.75,24.5,65.375,280.0,0,0,0,True,0.0,0.5707667209208012,0,0,0,mpnn,fingerprint
2026-09-01T15:43:56,lipo,38,server,server,16,16,3360,6.0,13.5,25.5,210.0,1686.0,0,0,0,True,0.0,0.027909055352211,0,0,0,mpnn,fingerprint
2026-09-01T15:44:47,lipo,39,client,0,16,16,634,4.0,10.25,20.5,39.625,154.0,0,0,1,True,0.0,0.33759191259741783,0,0,0,mpnn,fingerprint
2026-09-01T15:44:47,lipo,39,client,1,16,16,840,9.0,14.75,33.5,52.5,163.0,0,0,0,True,0.0,0.46615588665008545,0,0,0,mpnn,fingerprint
2026-09-01T15:44:47,lipo,39,client,2,16,16,840,6.0,10.0,19.0,52.5,207.0,0,0,0,True,0.0,0.46021944284439087,0,0,0,mpnn,fingerprint
2026-09-01T15:44:47,lipo,39,client,3,16,16,1046,9.0,18.75,24.5,65.375,280.0,0,0,0,True,0.0,0.5641623176634312,0,0,0,mpnn,fingerprint
2026-09-01T15:44:47,lipo,39,server,server,16,16,3360,6.0,13.5,25.5,210.0,1686.0,0,0,0,True,0.0,0.0020281486213207245,0,0,0,mpnn,fingerprint
2026-09-01T15:45:38,lipo,40,client,0,16,16,634,4.0,10.25,20.5,39.625,154.0,0,0,1,True,0.0,0.3332476504147053,0,0,0,mpnn,fingerprint
2026-09-01T15:45:38,lipo,40,client,1,16,16,840,9.0,14.75,33.5,52.5,163.0,0,0,0,True,0.0,0.4565865062177181,0,0,0,mpnn,fingerprint
2026-09-01T15:45:38,lipo,40,client,2,16,16,840,6.0,10.0,19.0,52.5,207.0,0,0,0,True,0.0,0.4845449775457382,0,0,0,mpnn,fingerprint
2026-09-01T15:45:38,lipo,40,client,3,16,16,1046,9.0,18.75,24.5,65.375,280.0,0,0,0,True,0.0,0.5780333504080772,0,0,0,mpnn,fingerprint
2026-09-01T15:45:38,lipo,40,server,server,16,16,3360,6.0,13.5,25.5,210.0,1686.0,0,0,0,True,0.0,0.002023927867412567,0,0,0,mpnn,fingerprint
2026-09-01T15:46:29,lipo,41,client,0,16,16,634,4.0,10.25,20.5,39.625,154.0,0,0,1,True,0.0,0.338125504553318,0,0,0,mpnn,fingerprint
2026-09-01T15:46:29,lipo,41,client,1,16,16,840,9.0,14.75,33.5,52.5,163.0,0,0,0,True,0.0,0.4714415743947029,0,0,0,mpnn,fingerprint
2026-09-01T15:46:29,lipo,41,client,2,16,16,840,6.0,10.0,19.0,52.5,207.0,0,0,0,True,0.0,0.47773122787475586,0,0,0,mpnn,fingerprint
2026-09-01T15:46:29,lipo,41,client,3,16,16,1046,9.0,18.75,24.5,65.375,280.0,0,0,0,True,0.0,0.5715653821825981,0,0,0,mpnn,fingerprint
2026-09-01T15:46:29,lipo,41,server,server,16,16,3360,6.0,13.5,25.5,210.0,1686.0,0,0,0,True,0.0,0.002018161118030548,0,0,0,mpnn,fingerprint
2026-09-01T15:47:20,lipo,42,client,0,16,16,634,4.0,10.25,20.5,39.625,154.0,0,0,1,True,0.0,0.3320199325680733,0,0,0,mpnn,fingerprint
2026-09-01T15:47:20,lipo,42,client,1,16,16,840,9.0,14.75,33.5,52.5,163.0,0,0,0,True,0.0,0.46106306463479996,0,0,0,mpnn,fingerprint
2026-09-01T15:47:20,lipo,42,client,2,16,16,840,6.0,10.0,19.0,52.5,207.0,0,0,0,True,0.0,0.4628979563713074,0,0,0,mpnn,fingerprint
2026-09-01T15:47:20,lipo,42,client,3,16,16,1046,9.0,18.75,24.5,65.375,280.0,0,0,0,True,0.0,0.5644490607082844,0,0,0,mpnn,fingerprint
2026-09-01T15:47:20,lipo,42,server,server,16,16,3360,6.0,13.5,25.5,210.0,1686.0,0,0,0,True,0.0,0.008149314671754837,0,0,0,mpnn,fingerprint
2026-09-01T15:48:12,lipo,43,client,0,16,16,634,4.0,10.25,20.5,39.625,154.0,0,0,1,True,0.0,0.34000956267118454,0,0,0,mpnn,fingerprint
2026-09-01T15:48:12,lipo,43,client,1,16,16,840,9.0,14.75,33.5,52.5,163.0,0,0,0,True,0.0,0.4648790843784809,0,0,0,mpnn,fingerprint
2026-09-01T15:48:12,lipo,43,client,2,16,16,840,6.0,10.0,19.0,52.5,207.0,0,0,0,True,0.0,0.4677428752183914,0,0,0,mpnn,fingerprint
2026-09-01T15:48:12,lipo,43,client,3,16,16,1046,9.0,18.75,24.5,65.375,280.0,0,0,0,True,0.0,0.5749066919088364,0,0,0,mpnn,fingerprint
2026-09-01T15:48:12,lipo,43,server,server,16,16,3360,6.0,13.5,25.5,210.0,1686.0,0,0,0,True,0.0,0.0020176880061626434,0,0,0,mpnn,fingerprint
2026-09-01T15:49:02,lipo,44,client,0,16,16,634,4.0,10.25,20.5,39.625,154.0,0,0,1,True,0.0,0.34690307453274727,0,0,0,mpnn,fingerprint
2026-09-01T15:49:02,lipo,44,client,1,16,16,840,9.0,14.75,33.5,52.5,163.0,0,0,0,True,0.0,0.46930327266454697,0,0,0,mpnn,fingerprint
2026-09-01T15:49:02,lipo,44,client,2,16,16,840,6.0,10.0,19.0,52.5,207.0,0,0,0,True,0.0,0.46917128562927246,0,0,0,mpnn,fingerprint
2026-09-01T15:49:02,lipo,44,client,3,16,16,1046,9.0,18.75,24.5,65.375,280.0,0,0,0,True,0.0,0.5662627257406712,0,0,0,mpnn,fingerprint
2026-09-01T15:49:02,lipo,44,server,server,16,16,3360,6.0,13.5,25.5,210.0,1686.0,0,0,0,True,0.0,0.0020358487963676453,0,0,0,mpnn,fingerprint
2026-09-01T15:49:54,lipo,45,client,0,16,16,634,4.0,10.25,20.5,39.625,154.0,0,0,1,True,0.0,0.3215497359633446,0,0,0,mpnn,fingerprint
2026-09-01T15:49:54,lipo,45,client,1,16,16,840,9.0,14.75,33.5,52.5,163.0,0,0,0,True,0.0,0.4765136390924454,0,0,0,mpnn,fingerprint
2026-09-01T15:49:54,lipo,45,client,2,16,16,840,6.0,10.0,19.0,52.5,207.0,0,0,0,True,0.0,0.4608842246234417,0,0,0,mpnn,fingerprint
2026-09-01T15:49:54,lipo,45,client,3,16,16,1046,9.0,18.75,24.5,65.375,280.0,0,0,0,True,0.0,0.5839935094118118,0,0,0,mpnn,fingerprint
2026-09-01T15:49:54,lipo,45,server,server,16,16,3360,6.0,13.5,25.5,210.0,1686.0,0,0,0,True,0.0,0.007994472980499268,0,0,0,mpnn,fingerprint
2026-09-01T15:50:45,lipo,46,client,0,16,16,634,4.0,10.25,20.5,39.625,154.0,0,0,1,True,0.0,0.3395090512931347,0,0,0,mpnn,fingerprint
2026-09-01T15:50:45,lipo,46,client,1,16,16,840,9.0,14.75,33.5,52.5,163.0,0,0,0,True,0.0,0.470859594643116,0,0,0,mpnn,fingerprint
2026-09-01T15:50:45,lipo,46,client,2,16,16,840,6.0,10.0,19.0,52.5,207.0,0,0,0,True,0.0,0.4715088680386543,0,0,0,mpnn,fingerprint
2026-09-01T15:50:45,lipo,46,client,3,16,16,1046,9.0,18.75,24.5,65.375,280.0,0,0,0,True,0.0,0.5617178305983543,0,0,0,mpnn,fingerprint
2026-09-01T15:50:45,lipo,46,server,server,16,16,3360,6.0,13.5,25.5,210.0,1686.0,0,0,0,True,0.0,0.0020135603845119476,0,0,0,mpnn,fingerprint
2026-09-01T15:51:36,lipo,47,client,0,16,16,634,4.0,10.25,20.5,39.625,154.0,0,0,1,True,0.0,0.3336576484143734,0,0,0,mpnn,fingerprint
2026-09-01T15:51:36,lipo,47,client,1,16,16,840,9.0,14.75,33.5,52.5,163.0,0,0,0,True,0.0,0.46754246950149536,0,0,0,mpnn,fingerprint
2026-09-01T15:51:36,lipo,47,client,2,16,16,840,6.0,10.0,19.0,52.5,207.0,0,0,0,True,0.0,0.48763662576675415,0,0,0,mpnn,fingerprint
2026-09-01T15:51:36,lipo,47,client,3,16,16,1046,9.0,18.75,24.5,65.375,280.0,0,0,0,True,0.0,0.5838388167321682,0,0,0,mpnn,fingerprint
2026-09-01T15:51:36,lipo,47,server,server,16,16,3360,6.0,13.5,25.5,210.0,1686.0,0,0,0,True,0.0,0.017407357692718506,0,0,0,mpnn,fingerprint
2026-09-01T15:52:26,lipo,48,client,0,16,16,634,4.0,10.25,20.5,39.625,154.0,0,0,1,True,0.0,0.33307549357414246,0,0,0,mpnn,fingerprint
2026-09-01T15:52:26,lipo,48,client,1,16,16,840,9.0,14.75,33.5,52.5,163.0,0,0,0,True,0.0,0.4785793125629425,0,0,0,mpnn,fingerprint
2026-09-01T15:52:26,lipo,48,client,2,16,16,840,6.0,10.0,19.0,52.5,207.0,0,0,0,True,0.0,0.47745946049690247,0,0,0,mpnn,fingerprint
2026-09-01T15:52:26,lipo,48,client,3,16,16,1046,9.0,18.75,24.5,65.375,280.0,0,0,0,True,0.0,0.5674878656864166,0,0,0,mpnn,fingerprint
2026-09-01T15:52:26,lipo,48,server,server,16,16,3360,6.0,13.5,25.5,210.0,1686.0,0,0,0,True,0.0,0.002090897411108017,0,0,0,mpnn,fingerprint
2026-09-01T15:53:17,lipo,49,client,0,16,16,634,4.0,10.25,20.5,39.625,154.0,0,0,1,True,0.0,0.32792308181524277,0,0,0,mpnn,fingerprint
2026-09-01T15:53:17,lipo,49,client,1,16,16,840,9.0,14.75,33.5,52.5,163.0,0,0,0,True,0.0,0.4661456234753132,0,0,0,mpnn,fingerprint
2026-09-01T15:53:17,lipo,49,client,2,16,16,840,6.0,10.0,19.0,52.5,207.0,0,0,0,True,0.0,0.4662758558988571,0,0,0,mpnn,fingerprint
2026-09-01T15:53:17,lipo,49,client,3,16,16,1046,9.0,18.75,24.5,65.375,280.0,0,0,0,True,0.0,0.5734084099531174,0,0,0,mpnn,fingerprint
2026-09-01T15:53:17,lipo,49,server,server,16,16,3360,6.0,13.5,25.5,210.0,1686.0,0,0,0,True,0.0,0.012797590345144272,0,0,0,mpnn,fingerprint
