time,method,dataset,round,scope,client_idx,metric,val,test,best_val,best_test,local_metric,global_metric,client_indexes,model_seed,split_seed,partition_seed,partition_method,encoder,descriptor,lambda_proto,local_clusters,global_clusters
2026-09-01T00:49:44,avg,Tox21,0,global,,auc,0.5737795366483195,0.5866810573326908,0.5737795366483195,0.5866810573326908,,,,1,1,1,hetero,attentivefp,,,,
2026-09-01T00:50:20,avg,Tox21,1,global,,auc,0.6559807287205849,0.6821995208822836,0.6559807287205849,0.6821995208822836,,,,1,1,1,hetero,attentivefp,,,,
2026-09-01T00:50:58,avg,Tox21,2,global,,auc,0.6787809433518057,0.6997060175717363,0.6787809433518057,0.6997060175717363,,,,1,1,1,hetero,attentivefp,,,,
2026-09-01T00:51:38,avg,Tox21,3,global,,auc,0.6912744840352006,0.711001193058383,0.6912744840352006,0.711001193058383,,,,1,1,1,hetero,attentivefp,,,,
2026-09-01T00:52:19,avg,Tox21,4,global,,auc,0.7026661668876519,0.7170236505586316,0.7026661668876519,0.7170236505586316,,,,1,1,1,hetero,attentivefp,,,,
2026-09-01T00:53:01,avg,Tox21,5,global,,auc,0.708433151848058,0.7225012182229258,0.708433151848058,0.7225012182229258,,,,1,1,1,hetero,attentivefp,,,,
2026-09-01T00:53:41,avg,Tox21,6,global,,auc,0.7124839437987585,0.7289001444421946,0.7124839437987585,0.7289001444421946,,,,1,1,1,hetero,attentivefp,,,,
2026-09-01T00:54:22,avg,Tox21,7,global,,auc,0.7138767317727721,0.7323434182766198,0.7138767317727721,0.7323434182766198,,,,1,1,1,hetero,attentivefp,,,,
2026-09-01T00:55:03,avg,Tox21,8,global,,auc,0.7156183529972592,0.7354906537493395,0.7156183529972592,0.7354906537493395,,,,1,1,1,hetero,attentivefp,,,,
2026-09-01T00:55:44,avg,Tox21,9,global,,auc,0.7166055857878902,0.7375613641032839,0.7166055857878902,0.7375613641032839,,,,1,1,1,hetero,attentivefp,,,,
2026-09-01T00:56:24,avg,Tox21,10,global,,auc,0.7178225207646919,0.7385033131911666,0.7178225207646919,0.7385033131911666,,,,1,1,1,hetero,attentivefp,,,,
2026-09-01T00:57:05,avg,Tox21,11,global,,auc,0.7218472474437577,0.7446978395649047,0.7218472474437577,0.7446978395649047,,,,1,1,1,hetero,attentivefp,,,,
2026-09-01T00:57:46,avg,Tox21,12,global,,auc,0.7221202385391458,0.745773399879706,0.7221202385391458,0.745773399879706,,,,1,1,1,hetero,attentivefp,,,,
2026-09-01T00:58:26,avg,Tox21,13,global,,auc,0.7262887729809172,0.7493964431053879,0.7262887729809172,0.7493964431053879,,,,1,1,1,hetero,attentivefp,,,,
2026-09-01T00:59:07,avg,Tox21,14,global,,auc,0.7297254787294412,0.7526671724852667,0.7297254787294412,0.7526671724852667,,,,1,1,1,hetero,attentivefp,,,,
2026-09-01T00:59:48,avg,Tox21,15,global,,auc,0.7328017252751259,0.7552084710260147,0.7328017252751259,0.7552084710260147,,,,1,1,1,hetero,attentivefp,,,,
2026-09-01T01:00:29,avg,Tox21,16,global,,auc,0.7369606689811176,0.7577794498657084,0.7369606689811176,0.7577794498657084,,,,1,1,1,hetero,attentivefp,,,,
2026-09-01T01:01:10,avg,Tox21,17,global,,auc,0.7413082682170681,0.7614053074807602,0.7413082682170681,0.7614053074807602,,,,1,1,1,hetero,attentivefp,,,,
2026-09-01T01:01:50,avg,Tox21,18,global,,auc,0.7469913636100385,0.7650361857849922,0.7469913636100385,0.7650361857849922,,,,1,1,1,hetero,attentivefp,,,,
2026-09-01T01:02:31,avg,Tox21,19,global,,auc,0.7500649116965429,0.7678220686125045,0.7500649116965429,0.7678220686125045,,,,1,1,1,hetero,attentivefp,,,,
2026-09-01T01:03:12,avg,Tox21,20,global,,auc,0.7525686723683611,0.7695198517414717,0.7525686723683611,0.7695198517414717,,,,1,1,1,hetero,attentivefp,,,,
2026-09-01T01:03:53,avg,Tox21,21,global,,auc,0.7576704669181592,0.7751041456789868,0.7576704669181592,0.7751041456789868,,,,1,1,1,hetero,attentivefp,,,,
2026-09-01T01:04:34,avg,Tox21,22,global,,auc,0.7608409057830721,0.7771370321039582,0.7608409057830721,0.7771370321039582,,,,1,1,1,hetero,attentivefp,,,,
2026-09-01T01:05:15,avg,Tox21,23,global,,auc,0.7649255843695935,0.7806550121806186,0.7649255843695935,0.7806550121806186,,,,1,1,1,hetero,attentivefp,,,,
2026-09-01T01:05:56,avg,Tox21,24,global,,auc,0.7685124473739521,0.783253323898503,0.7685124473739521,0.783253323898503,,,,1,1,1,hetero,attentivefp,,,,
2026-09-01T01:06:37,avg,Tox21,25,global,,auc,0.7720899640563665,0.7866829713542196,0.7720899640563665,0.7866829713542196,,,,1,1,1,hetero,attentivefp,,,,
2026-09-01T01:07:18,avg,Tox21,26,global,,auc,0.7743921330699594,0.7888101403572979,0.7743921330699594,0.7888101403572979,,,,1,1,1,hetero,attentivefp,,,,
2026-09-01T01:07:59,avg,Tox21,27,global,,auc,0.7796359198870464,0.7930268175733609,0.7796359198870464,0.7930268175733609,,,,1,1,1,hetero,attentivefp,,,,
2026-09-01T01:08:39,avg,Tox21,28,global,,auc,0.7817491396692526,0.7944987923685654,0.7817491396692526,0.7944987923685654,,,,1,1,1,hetero,attentivefp,,,,
2026-09-01T01:09:20,avg,Tox21,29,global,,auc,0.7859498749751505,0.7974492080693086,0.7859498749751505,0.7974492080693086,,,,1,1,1,hetero,attentivefp,,,,
2026-09-01T01:10:01,avg,Tox21,30,global,,auc,0.788475691086544,0.7983789426782928,0.788475691086544,0.7983789426782928,,,,1,1,1,hetero,attentivefp,,,,
2026-09-01T01:10:42,avg,Tox21,31,global,,auc,0.7890481202370547,0.7995033121617402,0.7890481202370547,0.7995033121617402,,,,1,1,1,hetero,attentivefp,,,,
2026-09-01T01:11:23,avg,Tox21,32,global,,auc,0.7920174728944978,0.8009009616191215,0.7920174728944978,0.8009009616191215,,,,1,1,1,hetero,attentivefp,,,,
2026-09-01T01:12:04,avg,Tox21,33,global,,auc,0.7935487531305144,0.8035667471467655,0.7935487531305144,0.8035667471467655,,,,1,1,1,hetero,attentivefp,,,,
2026-09-01T01:12:45,avg,Tox21,34,global,,auc,0.7977509352557254,0.8047767179836957,0.7977509352557254,0.8047767179836957,,,,1,1,1,hetero,attentivefp,,,,
2026-09-01T01:13:26,avg,Tox21,35,global,,auc,0.798481629569843,0.8051097663652863,0.798481629569843,0.8051097663652863,,,,1,1,1,hetero,attentivefp,,,,
2026-09-01T01:14:05,avg,Tox21,36,global,,auc,0.8012290614852978,0.8072812975769085,0.8012290614852978,0.8072812975769085,,,,1,1,1,hetero,attentivefp,,,,
2026-09-01T01:14:38,avg,Tox21,37,global,,auc,0.8037045054007077,0.8094814366196911,0.8037045054007077,0.8094814366196911,,,,1,1,1,hetero,attentivefp,,,,
2026-09-01T01:15:13,avg,Tox21,38,global,,auc,0.8042885194467869,0.8101718256940535,0.8042885194467869,0.8101718256940535,,,,1,1,1,hetero,attentivefp,,,,
2026-09-01T01:15:48,avg,Tox21,39,global,,auc,0.8054930848508303,0.8107868694466958,0.8054930848508303,0.8107868694466958,,,,1,1,1,hetero,attentivefp,,,,
2026-09-01T01:16:29,avg,Tox21,40,global,,auc,0.8061076748556854,0.8127666422660188,0.8061076748556854,0.8127666422660188,,,,1,1,1,hetero,attentivefp,,,,
2026-09-01T01:17:10,avg,Tox21,41,global,,auc,0.8070158919944544,0.8132698704844836,0.8070158919944544,0.8132698704844836,,,,1,1,1,hetero,attentivefp,,,,
2026-09-01T01:17:51,avg,Tox21,42,global,,auc,0.8078044239344399,0.815162393982141,0.8078044239344399,0.815162393982141,,,,1,1,1,hetero,attentivefp,,,,
2026-09-01T01:18:32,avg,Tox21,43,global,,auc,0.8111180278959985,0.8163899577592714,0.8111180278959985,0.8163899577592714,,,,1,1,1,hetero,attentivefp,,,,
2026-09-01T01:19:13,avg,Tox21,44,global,,auc,0.8085785236688782,0.8178779171711836,0.8111180278959985,0.8163899577592714,,,,1,1,1,hetero,attentivefp,,,,
2026-09-01T01:19:54,avg,Tox21,45,global,,auc,0.8108715650153054,0.8180783223015498,0.8111180278959985,0.8163899577592714,,,,1,1,1,hetero,attentivefp,,,,
2026-09-01T01:20:35,avg,Tox21,46,global,,auc,0.8099318250113337,0.8164562329918721,0.8111180278959985,0.8163899577592714,,,,1,1,1,hetero,attentivefp,,,,
2026-09-01T01:21:16,avg,Tox21,47,global,,auc,0.8114698354272257,0.8169586053722422,0.8114698354272257,0.8169586053722422,,,,1,1,1,hetero,attentivefp,,,,
2026-09-01T01:21:56,avg,Tox21,48,global,,auc,0.8108176895548715,0.8190647654137533,0.8114698354272257,0.8169586053722422,,,,1,1,1,hetero,attentivefp,,,,
2026-09-01T01:22:38,avg,Tox21,49,global,,auc,0.8116911820844371,0.8167966588540154,0.8116911820844371,0.8167966588540154,,,,1,1,1,hetero,attentivefp,,,,
