time,method,dataset,round,scope,client_idx,metric,val,test,best_val,best_test,local_metric,global_metric,client_indexes,model_seed,split_seed,partition_seed,partition_method,encoder,descriptor,lambda_proto,proto_support_tau,proto_weighted_kmeans,local_clusters,global_clusters
2026-09-24T16:30:48,fedavg_proto,esol,0,global,,rmse,2.2308359146118164,2.065303087234497,2.2308359146118164,2.065303087234497,,,,2,2,2,hetero,mpnn,physchem,0.1,0.0,False,16,16
2026-09-24T16:31:10,fedavg_proto,esol,1,global,,rmse,1.457932472229004,1.5386996269226074,1.457932472229004,1.5386996269226074,,,,2,2,2,hetero,mpnn,physchem,0.1,0.0,False,16,16
2026-09-24T16:31:32,fedavg_proto,esol,2,global,,rmse,1.1052098274230957,1.1109477281570435,1.1052098274230957,1.1109477281570435,,,,2,2,2,hetero,mpnn,physchem,0.1,0.0,False,16,16
2026-09-24T16:31:52,fedavg_proto,esol,3,global,,rmse,0.9526560306549072,0.8691414594650269,0.9526560306549072,0.8691414594650269,,,,2,2,2,hetero,mpnn,physchem,0.1,0.0,False,16,16
2026-09-24T16:32:10,fedavg_proto,esol,4,global,,rmse,0.9575619101524353,0.7862199544906616,0.9526560306549072,0.8691414594650269,,,,2,2,2,hetero,mpnn,physchem,0.1,0.0,False,16,16
2026-09-24T16:32:31,fedavg_proto,esol,5,global,,rmse,0.9040715098381042,0.7477766871452332,0.9040715098381042,0.7477766871452332,,,,2,2,2,hetero,mpnn,physchem,0.1,0.0,False,16,16
2026-09-24T16:32:50,fedavg_proto,esol,6,global,,rmse,0.9807790517807007,0.7585402727127075,0.9040715098381042,0.7477766871452332,,,,2,2,2,hetero,mpnn,physchem,0.1,0.0,False,16,16
2026-09-24T16:33:11,fedavg_proto,esol,7,global,,rmse,0.864788293838501,0.6996685266494751,0.864788293838501,0.6996685266494751,,,,2,2,2,hetero,mpnn,physchem,0.1,0.0,False,16,16
2026-09-24T16:33:33,fedavg_proto,esol,8,global,,rmse,0.879969596862793,0.6927211284637451,0.864788293838501,0.6996685266494751,,,,2,2,2,hetero,mpnn,physchem,0.1,0.0,False,16,16
2026-09-24T16:33:54,fedavg_proto,esol,9,global,,rmse,0.8359322547912598,0.6833563446998596,0.8359322547912598,0.6833563446998596,,,,2,2,2,hetero,mpnn,physchem,0.1,0.0,False,16,16
2026-09-24T16:34:17,fedavg_proto,esol,10,global,,rmse,0.8651269674301147,0.6802529096603394,0.8359322547912598,0.6833563446998596,,,,2,2,2,hetero,mpnn,physchem,0.1,0.0,False,16,16
2026-09-24T16:34:39,fedavg_proto,esol,11,global,,rmse,0.8517556190490723,0.6934908628463745,0.8359322547912598,0.6833563446998596,,,,2,2,2,hetero,mpnn,physchem,0.1,0.0,False,16,16
2026-09-24T16:35:02,fedavg_proto,esol,12,global,,rmse,0.8097541928291321,0.693276047706604,0.8097541928291321,0.693276047706604,,,,2,2,2,hetero,mpnn,physchem,0.1,0.0,False,16,16
2026-09-24T16:35:22,fedavg_proto,esol,13,global,,rmse,0.8272045850753784,0.679307222366333,0.8097541928291321,0.693276047706604,,,,2,2,2,hetero,mpnn,physchem,0.1,0.0,False,16,16
2026-09-24T16:35:42,fedavg_proto,esol,14,global,,rmse,0.8240594267845154,0.749298632144928,0.8097541928291321,0.693276047706604,,,,2,2,2,hetero,mpnn,physchem,0.1,0.0,False,16,16
2026-09-24T16:36:01,fedavg_proto,esol,15,global,,rmse,0.7753307819366455,0.7224650979042053,0.7753307819366455,0.7224650979042053,,,,2,2,2,hetero,mpnn,physchem,0.1,0.0,False,16,16
2026-09-24T16:36:21,fedavg_proto,esol,16,global,,rmse,0.7774329781532288,0.6916088461875916,0.7753307819366455,0.7224650979042053,,,,2,2,2,hetero,mpnn,physchem,0.1,0.0,False,16,16
2026-09-24T16:36:45,fedavg_proto,esol,17,global,,rmse,0.7600357532501221,0.6721380949020386,0.7600357532501221,0.6721380949020386,,,,2,2,2,hetero,mpnn,physchem,0.1,0.0,False,16,16
2026-09-24T16:37:07,fedavg_proto,esol,18,global,,rmse,0.7767474055290222,0.6945585012435913,0.7600357532501221,0.6721380949020386,,,,2,2,2,hetero,mpnn,physchem,0.1,0.0,False,16,16
2026-09-24T16:37:29,fedavg_proto,esol,19,global,,rmse,0.7610480189323425,0.7145987153053284,0.7600357532501221,0.6721380949020386,,,,2,2,2,hetero,mpnn,physchem,0.1,0.0,False,16,16
2026-09-24T16:37:51,fedavg_proto,esol,20,global,,rmse,0.7883074283599854,0.6844903230667114,0.7600357532501221,0.6721380949020386,,,,2,2,2,hetero,mpnn,physchem,0.1,0.0,False,16,16
2026-09-24T16:38:14,fedavg_proto,esol,21,global,,rmse,0.7678171992301941,0.6787267923355103,0.7600357532501221,0.6721380949020386,,,,2,2,2,hetero,mpnn,physchem,0.1,0.0,False,16,16
2026-09-24T16:38:34,fedavg_proto,esol,22,global,,rmse,0.7328710556030273,0.6717527508735657,0.7328710556030273,0.6717527508735657,,,,2,2,2,hetero,mpnn,physchem,0.1,0.0,False,16,16
2026-09-24T16:38:51,fedavg_proto,esol,23,global,,rmse,0.7380744814872742,0.6822196245193481,0.7328710556030273,0.6717527508735657,,,,2,2,2,hetero,mpnn,physchem,0.1,0.0,False,16,16
2026-09-24T16:39:11,fedavg_proto,esol,24,global,,rmse,0.740428626537323,0.6960789561271667,0.7328710556030273,0.6717527508735657,,,,2,2,2,hetero,mpnn,physchem,0.1,0.0,False,16,16
2026-09-24T16:39:30,fedavg_proto,esol,25,global,,rmse,0.7379237413406372,0.6899234652519226,0.7328710556030273,0.6717527508735657,,,,2,2,2,hetero,mpnn,physchem,0.1,0.0,False,16,16
2026-09-24T16:39:48,fedavg_proto,esol,26,global,,rmse,0.7406669855117798,0.706680178642273,0.7328710556030273,0.6717527508735657,,,,2,2,2,hetero,mpnn,physchem,0.1,0.0,False,16,16
2026-09-24T16:40:08,fedavg_proto,esol,27,global,,rmse,0.7714239358901978,0.6818158626556396,0.7328710556030273,0.6717527508735657,,,,2,2,2,hetero,mpnn,physchem,0.1,0.0,False,16,16
2026-09-24T16:40:27,fedavg_proto,esol,28,global,,rmse,0.7750522494316101,0.759803295135498,0.7328710556030273,0.6717527508735657,,,,2,2,2,hetero,mpnn,physchem,0.1,0.0,False,16,16
2026-09-24T16:40:46,fedavg_proto,esol,29,global,,rmse,0.7440704703330994,0.6848737001419067,0.7328710556030273,0.6717527508735657,,,,2,2,2,hetero,mpnn,physchem,0.1,0.0,False,16,16
2026-09-24T16:41:01,fedavg_proto,esol,30,global,,rmse,0.7499687075614929,0.6821301579475403,0.7328710556030273,0.6717527508735657,,,,2,2,2,hetero,mpnn,physchem,0.1,0.0,False,16,16
2026-09-24T16:41:20,fedavg_proto,esol,31,global,,rmse,0.753532350063324,0.7057787775993347,0.7328710556030273,0.6717527508735657,,,,2,2,2,hetero,mpnn,physchem,0.1,0.0,False,16,16
2026-09-24T16:41:39,fedavg_proto,esol,32,global,,rmse,0.7538765072822571,0.6844795346260071,0.7328710556030273,0.6717527508735657,,,,2,2,2,hetero,mpnn,physchem,0.1,0.0,False,16,16
2026-09-24T16:41:58,fedavg_proto,esol,33,global,,rmse,0.7574446201324463,0.6766558289527893,0.7328710556030273,0.6717527508735657,,,,2,2,2,hetero,mpnn,physchem,0.1,0.0,False,16,16
2026-09-24T16:42:17,fedavg_proto,esol,34,global,,rmse,0.765049159526825,0.6757704615592957,0.7328710556030273,0.6717527508735657,,,,2,2,2,hetero,mpnn,physchem,0.1,0.0,False,16,16
2026-09-24T16:42:38,fedavg_proto,esol,35,global,,rmse,0.7584193348884583,0.6771226525306702,0.7328710556030273,0.6717527508735657,,,,2,2,2,hetero,mpnn,physchem,0.1,0.0,False,16,16
2026-09-24T16:42:58,fedavg_proto,esol,36,global,,rmse,0.7636994123458862,0.6859110593795776,0.7328710556030273,0.6717527508735657,,,,2,2,2,hetero,mpnn,physchem,0.1,0.0,False,16,16
2026-09-24T16:43:18,fedavg_proto,esol,37,global,,rmse,0.7773850560188293,0.6794452667236328,0.7328710556030273,0.6717527508735657,,,,2,2,2,hetero,mpnn,physchem,0.1,0.0,False,16,16
2026-09-24T16:43:37,fedavg_proto,esol,38,global,,rmse,0.7681366205215454,0.6800333857536316,0.7328710556030273,0.6717527508735657,,,,2,2,2,hetero,mpnn,physchem,0.1,0.0,False,16,16
2026-09-24T16:43:55,fedavg_proto,esol,39,global,,rmse,0.7780759930610657,0.6820158958435059,0.7328710556030273,0.6717527508735657,,,,2,2,2,hetero,mpnn,physchem,0.1,0.0,False,16,16
2026-09-24T16:44:12,fedavg_proto,esol,40,global,,rmse,0.7788681387901306,0.7019253373146057,0.7328710556030273,0.6717527508735657,,,,2,2,2,hetero,mpnn,physchem,0.1,0.0,False,16,16
2026-09-24T16:44:27,fedavg_proto,esol,41,global,,rmse,0.7737123966217041,0.6680775880813599,0.7328710556030273,0.6717527508735657,,,,2,2,2,hetero,mpnn,physchem,0.1,0.0,False,16,16
2026-09-24T16:44:42,fedavg_proto,esol,42,global,,rmse,0.8041320443153381,0.6618157029151917,0.7328710556030273,0.6717527508735657,,,,2,2,2,hetero,mpnn,physchem,0.1,0.0,False,16,16
2026-09-24T16:45:02,fedavg_proto,esol,43,global,,rmse,0.7792201638221741,0.6848452687263489,0.7328710556030273,0.6717527508735657,,,,2,2,2,hetero,mpnn,physchem,0.1,0.0,False,16,16
2026-09-24T16:45:25,fedavg_proto,esol,44,global,,rmse,0.768897294998169,0.6704273819923401,0.7328710556030273,0.6717527508735657,,,,2,2,2,hetero,mpnn,physchem,0.1,0.0,False,16,16
2026-09-24T16:45:47,fedavg_proto,esol,45,global,,rmse,0.7805800437927246,0.7028294801712036,0.7328710556030273,0.6717527508735657,,,,2,2,2,hetero,mpnn,physchem,0.1,0.0,False,16,16
2026-09-24T16:46:08,fedavg_proto,esol,46,global,,rmse,0.7721807360649109,0.688730001449585,0.7328710556030273,0.6717527508735657,,,,2,2,2,hetero,mpnn,physchem,0.1,0.0,False,16,16
2026-09-24T16:46:32,fedavg_proto,esol,47,global,,rmse,0.7755513191223145,0.6738610863685608,0.7328710556030273,0.6717527508735657,,,,2,2,2,hetero,mpnn,physchem,0.1,0.0,False,16,16
2026-09-24T16:46:55,fedavg_proto,esol,48,global,,rmse,0.7668321132659912,0.6743905544281006,0.7328710556030273,0.6717527508735657,,,,2,2,2,hetero,mpnn,physchem,0.1,0.0,False,16,16
2026-09-24T16:47:17,fedavg_proto,esol,49,global,,rmse,0.7696362733840942,0.6605353951454163,0.7328710556030273,0.6717527508735657,,,,2,2,2,hetero,mpnn,physchem,0.1,0.0,False,16,16
