round,model_scope,sha256
0,server,3e219a71ffe1b5f57cfd4c3c5810f8fb4ee974580e7b0f8798f8523c0d0482c0
0,client_0,6b13a4550c4932fa324369e0078c550c3e20191a7a0d0913503908bf024ff88f
0,client_1,ff7b4da58687056cb98a59214dee2ec28bbd4bf959234f551b391c3362b6dbdc
0,client_2,28f029bdfb6d83555e1dbdc8cfe6523758bea2502b5bb0e138261a65f63d3be2
0,client_3,2e530bcbf21aca5930ca50c3233604793a4397aa4dd1c74b7137c83d4d41e330
1,server,9491d8530f106d82f8c9e78b80c562a14eb0deade0b70c69acf1531451d18cb8
1,client_0,978d36f1ba901354e5f1d4d291e4c469fcff8d9d09ca30d0993d82881979dfc8
1,client_1,aadc9dcb0a6e703ac335d2c5b536e0e646d8e90d5612cccb85255b1d397df0a7
1,client_2,ef8ee00173b234ca85a86a6ec5ebecd6608d11e349d1a71930fd8f013b620cf8
1,client_3,c46ad78c62f1cf5526deacf6421a0c1ddad6df3da7dcd911648d69b62cb7b074
2,server,36a33176c410a8316ef0397f631a8de3e15534f0bc579182932d476ce0531bb7
2,client_0,491c967a2aea3090c207fb20c5aa25a79ff128c85dec402e7e31f50a64711914
2,client_1,439fcc997a1c2c2c537772bae93ed9e85e43eebae6fa3ea38cae0b4959fda567
2,client_2,f9cbd7f06337f2bdbabfd4787ba9180412b6e1e65d2e0cb71e82a8805ec42efd
2,client_3,1b30163f78b68a0570c499086b3cc1915bf82cfe43af7b8c6dcae6f6b1cdfe6e
3,server,4b122d61a95799874ddbf1b777584a1807f909fb1787e062b9b296037d8a9f1d
3,client_0,f13b3508f5ecc2c71ef581ff2abcf01be80293ef75f7a12d77c94b2e31ccd8f4
3,client_1,3fa3fb8d021ce48637de171792bd36d05dcf3208eaec98b206746f2409e62740
3,client_2,c4e5f72b0c195638a8e9294f1e2fb626bdd6c0fcd19ba588de15cf7e28346cf3
3,client_3,b4c51aed7491289d3f86f990b6350fe2b50fa4000ed92c4f3198ead25bc3da92
4,server,6061e95c18d0a78ae2f66715dac12f38f539490f655e504245626d2daf4a30f4
4,client_0,99b59efbaa4e428bce71a473f87f6d8b54dd64a4547597a42437f14b31e6233f
4,client_1,4144594f59af3bb1b9a1da89f8c22da47eaffd3785ff6597840408ec3f42b1d4
4,client_2,8c64039c8f2c6b6b4e0c092303d7c5cba4ce4cdb8aece9315f76b956f8a45ecb
4,client_3,2a9f14e71b2a17ae59345611627f78c62e27de5444015ab75bef42de877ac61b
5,server,08bc5e6aacad461508da3c3bfa9dc1c4cd2aca68c2c07200d187820a39c77478
5,client_0,d6799c8e19e8691064d025e340c970234466299f20060389d468c0d0f7e8fd0f
5,client_1,047fcdae71815218e3ca6995418f5e80faf4fe8058491742b3ca9832a9962622
5,client_2,dd882a45b541089df32b7d4849d4bf8812d8de76c72cf2f8cd92fb7ade55aefb
5,client_3,8447a2f7df9464ec86ba2993a8bffc501c54f64b134e21f87914c426c41c4d65
6,server,1d695ecc899a1f64afc9caf1eed525e4e06b4e236b5cca2c8e78c288edd08b98
6,client_0,79434b6bcd74c879150d6a525901793e6d9984cf67c4ec1dc4bb99761100b19d
6,client_1,a8982490e4c46187c812e2818d15d64467a389a4efdb2207129303691543f916
6,client_2,b14e36cce19e13f5cafaf35bed7c264139ab5724cd9e7f213f9fd393cb9f4467
6,client_3,911b5ad497f8ea6665857434f82336827a06c5b817996693b7ab64bc4e7cbb74
7,server,616a7a32c74a1178e5922674612aedc5bf1f97206218b17ea33c928d30d10da9
7,client_0,1f30f8effded220c8abdefde17f5393a746bea7cbeed95393a45a232435f1f22
7,client_1,e1d1c88c9e9ff1db922cadccf563df973b2b1f817090474e1b8a605350c81b86
7,client_2,e1d368b9d580882492f3c189972d4944f5c2328e8cd939572c01c5e53b931e5b
7,client_3,6a15246e9418225185e12f8930751808d3e44b8b7adc4d516afd8cedecffb8a5
8,server,2569a7a6c30598b4554e2a0a777142b854c4e0647d23e511542684014ad06d04
8,client_0,688dce0a6b4fa6e74da242068c1cac9aeffcc3a8e60cd9f8bf992882d0bbd495
8,client_1,c71be93b5ec91d0329dabc29422f2ed6eb0966befbc27c3b309922fa9e94b695
8,client_2,b5af69737af9ee41b1a64f32326066857d8f6f9e86eed10bc007f1a934d1e1fe
8,client_3,41fdb9dcffcc7da60f7c17ad0767d768cb75eab04bdf1b7edb621bf72bb3c16d
9,server,09a8b1d11baa80dae61e2be156210b8aed140d3a305c37661c0cd20507b6f192
9,client_0,d44d90295bbe760de57e07a30b2e4b9034119aced9364780ef071e2ac7ca0b2b
9,client_1,70e0ce9713ae678380bd98a34454c740d77f72dba863fce3cd6fcb738de5d47c
9,client_2,9cc48ceb7d4f756dc1ee03114848167d692c4cf0468871c73ebbf1cf1918411c
9,client_3,e36eea48bac1d93a5cf2710228877c61969f13123d211f76df9926b343717b7e
10,server,a42dbf42b676011eef244ea27d2fcbc1395e45b9224174ee9b5c8acf80ab1427
10,client_0,90ba5c1101cfd7d7d0723f9fc84aec12eb6433fef61cdd5bf7f5a9751241712c
10,client_1,761f3039aa15f97f8a9181bc3b89e33056db2631121f0aece01cc18b58823391
10,client_2,4109e97f72329aec534b5947884047753ec623eb2c412664ab92882e59f263e5
10,client_3,3d952fc66015f0105b4787399cb05dfbd2374e9ed8b8f7c7c34e2d94368f2039
11,server,4fb5b44b2b1d8c79e1a987b2e1384c358efb47f680370cd25d62e75e29a4b904
11,client_0,3f18906cae39e996d81001c80dbd8ba5d71d757fafdfd7bb5607a10638c893b6
11,client_1,b198f3849f33f2adc732f1122be5100a8e7a61e0c3f65f4b44219fc220775490
11,client_2,0808dee33639aa17908a5421ad450250f96a21b94dbaab78f93aa78ce1f348f5
11,client_3,5d16514293c96da17af13b729ea44edf90fb0435586f0dc2d5fb9d3dd9c1401a
12,server,74ad5e639ca6bdf6d6c14d842f67d34bbbcc81f047d5ef05f23a43908aada499
12,client_0,d89f9f3719375da7087e9ed0eec0f5d0ef9d080c58ab4581e4cb095b22dea6ec
12,client_1,a807e75498b46644f16fae298b716ebe08fb367c76f35ab47b6987f22da98180
12,client_2,753ba1a7b6fa435b8d266062641a2aa0abefff9c73b778a7db0ba1c6afacd203
12,client_3,ef16e47293d4a8076861779ee6dfb9264e8ad178f75a7877714ee2899d27163e
13,server,91946f2f1c5d66b4d6342567c9d254b7ccd7328ee16f4d4450765d3221bf3f4f
13,client_0,a2fe183593f1b2a00fa86d2a4f820bba9fd86f48974dc9af104514ac20429928
13,client_1,19256918ab29544a4f83bf26b729cc9168ea93be4bb79d66830f0a0cab794475
13,client_2,d618e7b50d38ff77fa79eff7275d8785af4bf5668de821ba707dbabf88f3fafb
13,client_3,ad1214fa2dbb449396b50da7868947d27c17d7903b879f94d556355e73141151
14,server,ac5b2f7a1fa7501b32a63d8e897da3dec72227aa0a8b17ba9a00114e2702e174
14,client_0,8a44f85d7fde21b0f8a534301aa7c0507a0dac4caad4cf00d2de1fd74a5e1b6e
14,client_1,6e6431552b4bb80a14cfcccaa1a2bf883f8ff973f71124dc898aa24533423484
14,client_2,50c9a0702d83ddda125c08b09a5b9d39653344d66723a7ed0914178f9655e445
14,client_3,23b8c90a752a39ab6140d47b03cbb8e7cf1b430513c2b89ae33bd243e02f0055
15,server,949d4becd5f07dea296e201ac29f46331d671525bd10ae0b9b86f0b0189e3a80
15,client_0,a92ba8642489d8e2f23c1effae9db2305fd18103b7b7a123561248bb6efb91e3
15,client_1,36f680948bab0f26b210ce8b4df2e4eec321cbcd771ff96b11979fc595dfc8af
15,client_2,b5fade829fd33c752aae0df72893ec0d6af7e2b1548995874da20019945a02a9
15,client_3,1038dcaf764fe8337c1895afdb8ccf58a6441333576848846b642c408113d83a
16,server,0ad2cb54db8681cd3740f50728ff8cccf6a6cade95cabe5930eb52aa5f18f425
16,client_0,30b06e56ceca4a77685aa285cf41927eba935df19f55ff43b8a2f4f2754ec890
16,client_1,7c7cda08987cfaa59ad72d866d842a9e5f778b78006b0b7d545fb243dc28c0c7
16,client_2,6b3d09f9c547a9be9f902638cc06fcdba4dbe354364fe60c9619d48179054ef0
16,client_3,a6bd4a2a84cd79d342d0d419f9113d3f987f49d096b61a1fe7ec3a62d9bb664c
17,server,09d1706842dff9ca35c5e0399296cf23ab80bb24f9b13093709b4f50480a8941
17,client_0,952f88828353d3ddd44139beab592896145130f375381fd730647ec9e4d6cf9d
17,client_1,aa1c0b7ffd7c5f1ffdf614ede3a635924cbb3acb6d9d1750d2ba8794749cf46b
17,client_2,06c1b7653fbb5384be0779d56b3120c4492a6a14f92366828e59f553a3859de2
17,client_3,f6b8b2e35103a38ae7f95e8b6a75ed674b48840b794cc65037c9d40d5b0f6b9f
18,server,514a36a1c3b7efde0d5e94ad9db2a24502a6474e289c4343f1622d17a301018a
18,client_0,2e4b849ccfefdcddb138041d9627d20ed709c933822430219b7e018d6cef1e4f
18,client_1,c6f92b81d7197ce0c2a0cf0074c009c0a63d3acb42e7ccd7afa0b0a4119b8ed2
18,client_2,6a558ff4c0e41ea40c1e09c2ffd939d6bc081092fd7bac5158d398a8786e6514
18,client_3,4658ed7722831f691eb5d82a0aa83efc03757a5728147a4935abe781eba69ea9
19,server,e9e6c4c3210012ae4e6ef23555b5f56374e934be5212bf022431dee50e83a1ac
19,client_0,3b2c8d1730fc07b513239da33d12cdefcea0cbd128349744d29233fc3a4681cd
19,client_1,77346b56fa1d3e649f773a79d6d3fd2367c3916e97c14630bddf109509c291ea
19,client_2,758d6a7a479761d43fb33667def967aef2111fdadf7a85b3d2534a37513b07fd
19,client_3,63b2bdafb49e082cdae173f831ac86fe377360b201dd557d35233c6b2730a257
20,server,cef8bc029362129a80b72ad6dd6e4a2769ff52793ce7c034c62631618cd9ef2c
20,client_0,46ac9788a64a3b2e3126b9b4ea57a75bbd6f676978ede09b27f47035e1da10dd
20,client_1,97f47ad16000ccf1d9415941ee0dd0aed2efcd3845d1086ce770577f1293dfe0
20,client_2,a4e5544b2148b61bb60eabf9e5261290a491fa1e61d267c9d14993766fcb738a
20,client_3,84e88c11d6594a8c1b74ff1e623f034993b88d4d5f1414989e5674c3b4aaa3c2
21,server,1b4b62fbbd31f61f035a28f5fbf414b12f0b52d60027546e74ecd279d1abcf10
21,client_0,d3d66f355f0a82387f04184c1591ba85e7bfec12ead44dddb080cbe415cb02cb
21,client_1,c8e33091dbd7ea701272b95fb7734e9b23bfcc1c1a1f65c91228b7dbcdf94b8b
21,client_2,a3ace74421cc92b960ef506e9038ae97f513677426245738cf256063230a52f3
21,client_3,b306525fc86325fc45bd7f6b5ff8b7856997caa141079d3192d004ee0570813d
22,server,f67a31af40fd9ed8ad5d520011ebfd839a4d4e93266c36a065617c1de0079948
22,client_0,388272ff804ec4b9d2e8a3b445f827bb050eb820d1544abdf7af26312362480b
22,client_1,2b8a9073986ccac2c65bf13bafca7fc6744fff52473158f8c8fa7f91a19830d9
22,client_2,feadb1170bc40c12ec04e0a2752984ee659148aa27138eb89a7cef6ebdde18c5
22,client_3,1b0ced3bdf4ba9775801379a995b047bcdb277edc31aa8525f83a791b7806575
23,server,c05e1e94ca3fae8bfba9e27886419726c2c369aaa87f966bcc1d7f579719e251
23,client_0,13e2ddf1a4db4140acbf061fc886e08da33025611e457ede1b207ad35bc91fca
23,client_1,c68dfdc1dc5baccd9de127d3db187b8c80dbb2655dce99a2ae17b06f3a2459ba
23,client_2,faee4aada1606a49527df2d010dc04529476c42f933bdf7ff3cfdad0ea76b43f
23,client_3,c95d70ec847b9b9f2435f225d7e511e72cb5a6fdc97272cdd3a523885cc2df54
24,server,5036bc75de6023bd6933dffaab98b09b38dac5fad61aed44d6d863d285d516d6
24,client_0,0544522db8a16823e8df07dcdae799867e46c931eecd54238aeaf261577198be
24,client_1,db63926ed6cf8184b82ccb26f16166c373fd3fe5da245c232f50f631ae7ac431
24,client_2,d90b2a43aaeed5f821e27bb66607cdde904839093c81333edb6a96e379392cd6
24,client_3,2dfcb7d4ddc885029e7a05d00b76449092bbc0325e4cc3e7f5fb445fba85ef8e
25,server,3dd6cbf7d2cb83bcabdf5602a41b05dc33783ea5e966c5846c3bbe8fe730c048
25,client_0,0cc3fd08de1230143f3cb6cea44b8e1a45a7a044b77765016e8b12dd4d189abd
25,client_1,9039063f478dd605cdad9070316dcbd25e8b4c2a843df71f67e23e309f0bd3c3
25,client_2,516356ed38de490dc19264ac32783608f0220e30da5b72d2d27406038c4e71e9
25,client_3,486e697f16d928c622be498b7bf21b453e6b969c53f47582bb4ebf1dc90af79f
26,server,d4973fa37a35ce44a76ee66cfc44b4cccf10899c80aa2a5e1b6eed980f18cdb3
26,client_0,f2f7272273171696a006946093ebfdb46a2ed516e2466a2bf59db02cff861bfc
26,client_1,c8b1ac0d3ee2ed4cc6fe82487df376c2e9877146dee2053cfcfb58f11027b4a0
26,client_2,b2dd92a8cad8caac5c8cd01cb3b9098acda2cf23df4f89396c2b8c12aad403fe
26,client_3,a4dc17cc4fb0ea562452fb2675e40e52607306bb569f63592cde212c54f461d0
27,server,b75b4aaa5ba6a463b5ac9e85a8bbc0f3792f3a98dff049c44cb8ac47a011fa6b
27,client_0,7dbb9b2c1faaffe814b0281e6cc0b5f219229c38d6410af881c17337e9c5c8e2
27,client_1,f86f35d04e7a86ab84190dd79f2f8dcde8371abca35094a069a3980b99f2733f
27,client_2,e73cc091aa30ddbf97182414f2337adf6cec4f499773d3f99927cee69cc5c700
27,client_3,075480a12251ee8eecf37c7de4ab3f65478d91e18fffd7ac8efc3a4694d8e3b6
28,server,ab7d0c8e6dd1434a840f301ee85c1c78e746ce6817e0d9a5ed820a25259a8837
28,client_0,656ce173a548fe299ce78590bb79e45b0da36004dd45cc9cc2becd035a0727e6
28,client_1,6ec0ea4b420ec492d2ff8cfa51577229c95c63c4013368d6235cb4f28f5e7533
28,client_2,a9c659c64dc3a73dbd4a5af24366e48cb4d6fea5fd81f71d9b7c605e43c7a040
28,client_3,3300bc4a7e9d12ac35548627510cbb76fc32d286fcfb8f1a5dd644d9d0c34cb7
29,server,2e4895ace2f0f0c5df44bd79c7f13b75acfcb728b1ef1c46a4c97cb316fb934a
29,client_0,1ac5726fb08def88dd60125664263f085312aa10cc9ae19be2150701013d760d
29,client_1,d5b179b9dbe79c7ced13f9f7ad3e17a10b26b3c70a6e7fd59f60fec73e68e590
29,client_2,cb1223178394c5e6dc7d678b958258de32f48a6ea56b70568bddd284cc59c601
29,client_3,e23bd12fd4b6a1a243b78741f56e05c2e10434712e107f968e5f51183127a087
30,server,9f657aea5ce11926edb44ea2d8362e419fafd87129140da3ccd32bba3c350a5f
30,client_0,cb5eff4ad5def31cce3993a796a7d596a06c5079d1a3987a99286e4c8129900c
30,client_1,96cad3fedc64969836cc8656ebdfe8e1d817f92989f8432e5b797e0d7b95dd0b
30,client_2,5d45347cb09d72af02befa97d751a90c18e61aee45bcebe3cda77df245f63031
30,client_3,4beb12a002c66b4c1dd61bc04d89f29be27713f0d5180af3d891c77771f1f893
31,server,5e7bc4522bda29b4ab1a23a3212f8d69e5d78a9a4ffaa4f620baad6234013b59
31,client_0,2ed200485350cb35999f730d3035f9fe868e0a24467df484ea54d3a85bd800ee
31,client_1,fa5d9bac7cfd9a89424e0d0240c7a3871b2ddd49d72b911d398c65cc541a6853
31,client_2,3f574b1ebe79065863f3b875daf178fc7df5260d568bb8086cd95d37770acbb0
31,client_3,7a72ad591bec678e7cefcc17af855575294786e52025482214a96d3599675c81
32,server,1d9c1060130ae5ccf230abcd74e46614240f5349781fb3edefacf8a6513b5ef9
32,client_0,6a91199fb6b49a26a47564f6dafc53edd5119e445c059eb2bac135d88b13e9fd
32,client_1,3e83fa6a2444f5336136b01801ddc48bad4fbeb2d46f306d18f894f51c49ef58
32,client_2,9caac3928fe17f1bc8a5acb9d3a98a5345b67910ae6bf5a28a865cd70cf2baed
32,client_3,88f9ea29d518e2808b267032d4a71de67108fca5c4a36dc285f21aaf109a7f94
33,server,a3dddb6f34afcb5434735a3ecdc5867dd9296c37ecd6972f28e2b130c03ad83f
33,client_0,0952830259936cd3d5bfe57f2102a8d0d994e551b488042ada22378c0ef9f1db
33,client_1,a5b921662dbb30e9d52217d7aeda354829e0a70cfc997dd8fc2e853149a56d59
33,client_2,1295061c3e3ea2f45a8c655758145d608fcf9daf9d0a21c86561b8c997a0dfe7
33,client_3,83c91d951862d42760fb4fc12cd38591b4779f98a2acc9c54cf1ab8c6071396c
34,server,2ea8b8e076ebd60364cfd85206a9385f102a5dabf6aecdb8bd86f91862fc10fb
34,client_0,e3fba0cc21a563b28e199461fea6931f76e45638a09eff19ff94578f96879afb
34,client_1,e94d8a310f983f7ddd29f5fa34f8a05d802a9e9afbaedd47c9db05d9192a0b7f
34,client_2,fb8bac45a0aef28e1e1ca98268926194612896698cd7bdabdf5da47493c737fb
34,client_3,08ae5300fac41733164dc794cd95723c147818199e0ba028fbfe40df1aaadb75
35,server,c393ec8df3057d7512fd4765ba3b007ca0536dd9c3e110cebc4cb0e5a572b2ee
35,client_0,c7ec06bd4842e24de067d24eb00acc01d5bfd5af09120bbad2f537fc319f6902
35,client_1,aff48c8c152edd150a1c318231fdfdd216dd2ce87ffd5327efc71b9935c8efff
35,client_2,63c51438c4510a5d58d4b6d9c03c966ed998b059a8c91d3a3e039b43433fcb5b
35,client_3,fba2a3dfe41c4842cf73473beb55b576318784a132856ba958462cd41b7aba8d
36,server,c00a521d4de9795b1de5cb4758569f90c91a46e2bff36b88c536abff8b633326
36,client_0,630eca71ff72fde7dd9842e95468f2213557da4cf830a81159a49a4e04c93687
36,client_1,f5e02eaf9c767222180be0727921a0ed4ba2fc921b56e6c01671d2f9aa201733
36,client_2,cd7820a074181fe44a0975cd9b3ac6b81177c069b8b94c6226bc0c347da290d3
36,client_3,614a7d11d078db8d79bfb53f9688d82dfe2bd36f14aede2fe1ae370c7f798692
37,server,5e488cf107e4ab3b786b1de54aea45781d050a80fae034b562404f8dd7f46644
37,client_0,2926c43dad06f10af63360c139caa5578ad9948f8cc61f4b73f09a0dc01414a9
37,client_1,af41da624a741051703affb21d45c97c6984bdcbeffa3f055cf2244b8c212739
37,client_2,db46d55f709ceac011cf2d43268dc2855595d8ee9f41da4029b2a08033b8dee6
37,client_3,bfc97d9a20891d2626c24c4d1f593ca82ce06d683aa5169a6f49ca04f3c80758
38,server,25772262167e925518b5d92c226844cd7bbdbda0860b9bd1ffe14aa9373db6e0
38,client_0,dfc4b59cfe0d44a07cb62d8346a660c55febae4993f415fc825597fe996d5469
38,client_1,a11a1e9ffce7eb70065b18d21c33baacdbcde75014615d70e2877fb03b702686
38,client_2,70f8040674ee3936f9c8be2537128d68e3712f71c1e96430922e84c8c079d46b
38,client_3,9598d5c3a0115679b0bdb4236bbc7e04f3ecde7ec165300f52a4ec6e9ac11428
39,server,5c17eed299063ecc32abbad5695f4a84d330a24e9a3927b6c26acaca92d6c4a4
39,client_0,bad52261221a1aaba304be525ad7c49dd434540924c932e6230311e21a1f465a
39,client_1,f03216f9e55505d478bc509ea442b9b55754456952d44ff85a55a51717726621
39,client_2,b9397ff1feaef6ab825a2aec3888eecca1050327302ada48dc23e6ef1c04ae3f
39,client_3,a18967231a797f3ddb7e3b52b7a55627201f9a4fb2f87f4976c0627fc4226dc0
40,server,876254830e831c8e1e74f11360462f5e7ddb11bb8b9a9148cc2a8a5ede280914
40,client_0,fb91472aa2b60acda69a7b981a7ad7f73ef089f589ad2f12dea9fe13dbc7cd18
40,client_1,d766dad65f0dc60843e679470d897256245b4db4e8b07a5036f107e04ef73305
40,client_2,04e53b70818673dd1cc3157bcb910ce0cea066b1fd62ca9abe9568a39619e04f
40,client_3,962d7e25d99941a0719e44363ee8fcf59072f5f4818135512a494a38e324a7d3
41,server,a5b75ea225d7ebdbbf214c6974ad85c5752c0f64ca98a84ac1b84384babe79a0
41,client_0,6b7957588b3a4270e9d575edc971b2aa41ffce42a3f6fdac04c3237e4a2dfbba
41,client_1,31d0f1c89e477c3e8987c8af1397872ced5aa16fdf06ff731d275ccbd36e41b8
41,client_2,4238b4e629e2b71ad7518fd2e82157feb7a119d57b3ad8b871f0e80560229df9
41,client_3,232cdeee258d4fdc23b16d69c057ad7df7d0bffc6fc0dd1e776448ef976131c2
42,server,ecf82efb06c0e786bccd012acf1dcae361fca3be5003efb5ccd9a9cd6ac36909
42,client_0,a4fc0d0d85b3912d770304076ebf69f49f46c8848b8209826614fe71ff2fdcd0
42,client_1,98f17e86ed20de3f61ef41e25b9f308173ef20e7d33d35dadf04db0c18d444b3
42,client_2,800ca27095e8e4a327879d33b8ef702bf97e8b461897d6e3887fed90a689e46b
42,client_3,35d4298bac6c0bab019bb0ea8fa72c1cc28487c2d283dea637fd591151a59eaa
43,server,99066230e7fba3f3fbbfc7de5e6bf740e5206b0d6090984a81272bf8dcce9f6d
43,client_0,21618c8bcda634ceb841e6e122e4df425a0bf47ba9d52ec4f732aa3de1fdb098
43,client_1,fa123ef578c7ed48d0546647efc64360f6307cd95b5f2cc9643a4d8b5b8547e8
43,client_2,1c7490b7b818bf0736670f26273d26933a93ad578a6512fa8af4744edbce8b40
43,client_3,585e051456f6fa2b2b38c3e31d3449023200cf99ebf14bc0ef199d1af9130f35
44,server,34b787365d757269be6c0e603f6cc5ae3de1cf5e8d6eb136de343bdd2ace7947
44,client_0,b6c94cf0f2f94486b169f1b6a17ad9dd317dcc59ffbaf1f591f9270e9dab7d3b
44,client_1,aa52d4330e7747f5c44a8cb3169670c7e06eb79d23a6ecc1c84cf9cfc5fc585d
44,client_2,92a205a61584f4911847754238ec64e810fd4342b6731ef1ab52418f32a15849
44,client_3,bbd44cc1d3570d2174dacb503b7a37833adc85c4d405215e16a749367ddbb569
45,server,7d7c7043df0e07e06f5d1f380db8449823f790915eb8cebf99c26b57bfba7ee9
45,client_0,be728ecc9ef7ca264df6eb93804148d4fcba860cc858732e6823c4dcba128e51
45,client_1,98053544b6feee6a542869382ebbfbf68eb5bad025415f734ccd4e7466d44a94
45,client_2,a62ba36ed1f2db12fda1d93397b057d2b2b6c16b0a889b1f1ede513bf3bac85b
45,client_3,df6984fd524e7e07439232fa998e080f341855c6d71ca91af080172bac4617cb
46,server,b079a5640f996061f132d83d86255deb71cbd639fbea1f0416d89931853a1548
46,client_0,6306fe7ea68fb50a176fc6c3c7c6edc673d9b7a22a09450e182f707f06d44988
46,client_1,ae3f6c06a2159e2cd75ebd69233251953317e5259db35d7c8af60c28b443e6bd
46,client_2,7baf294aaef32626b3bbe870e01e893dd7254341b7d153f38203aa2a83d2ab07
46,client_3,6325857482e125181e33e826deae0d7c604948155a1f6309c328e7f64fb5c434
47,server,dd4a49f2fa2963f52c957c3bb0c77bc31bb63178b56496e1c77d6416660ce0b9
47,client_0,599203c2f37fb4464d94f43eeecd5cbb2e50c894e855a1bfd2d123909fb679af
47,client_1,b15c8e8a56c4d0a58b6d245eea388fe37407db3b00a4c79a8ae404b894d7ac11
47,client_2,e2192c4ae10859ee2c4187834469f6f3c095ab79272462ff9df40a514939cc43
47,client_3,7630bf3420768cfe868fac5f1979ca35a8bc5b235ef74bb0cb307dc9beb76eb2
48,server,de4b1efa2419412ca91b45cbadf5b0eb26c46b97834da610063841f3c4ee522b
48,client_0,a5bdf2a455fb4e159259833e8924b232252232d4e6cc35640cfa401b1362821a
48,client_1,a36328fab6404f8a336fc67bc76c44736b607e00f6a1d05d604d6e740dda055e
48,client_2,f4d5be029b48d09c8e330bb6b51f3dda47bd62470d33a0788d6d77d829c073d4
48,client_3,5ecfa54ab2732e7696b02aa7f31a97006134126a595bd94e866f7aeb4d9d5094
49,server,7610e48b35ba099043a8806f76892839fb83a0381ca4cf7727cd3c00f7ddc2de
49,client_0,72c82116e1366013eb0e3b1541ca789c963ef661d2e552d01cbeaf9b25045cda
49,client_1,be1a7d5d9748e5b219c2b70bd0f5f6eeb8ccc9a0701585b4019fc73b1cb2b308
49,client_2,724fcdd794f2f2d433f5fa7e8b6ab32d3300011ac772532797cc7df76bab919f
49,client_3,764f65953a623352c80640a11af0778339ff6ae5843c7297ee10e9372efd0c5f
