dataset,alpha,seed,method,round,official_step,val_auc,test_auc,best_val_auc,best_test_auc
HIV,1.0,1,avg,0,0,0.6400549411773682,0.6085349917411804,0.6400549411773682,0.6085349917411804
HIV,1.0,1,avg,1,200,0.6648643016815186,0.6252110600471497,0.6648643016815186,0.6252110600471497
HIV,1.0,1,avg,2,400,0.677615225315094,0.6406164169311523,0.677615225315094,0.6406164169311523
HIV,1.0,1,avg,3,600,0.6899353265762329,0.6518331170082092,0.6899353265762329,0.6518331170082092
HIV,1.0,1,avg,4,800,0.7030575275421143,0.6638975143432617,0.7030575275421143,0.6638975143432617
HIV,1.0,1,avg,5,1000,0.715400755405426,0.6726719737052917,0.715400755405426,0.6726719737052917
HIV,1.0,1,avg,6,1200,0.7252286076545715,0.6788772940635681,0.7252286076545715,0.6788772940635681
HIV,1.0,1,avg,7,1400,0.7328901886940002,0.6816285848617554,0.7328901886940002,0.6816285848617554
HIV,1.0,1,avg,8,1600,0.7387065291404724,0.6815534830093384,0.7387065291404724,0.6815534830093384
HIV,1.0,1,avg,9,1800,0.7432156801223755,0.680590033531189,0.7432156801223755,0.680590033531189
HIV,1.0,1,avg,10,2000,0.7468087673187256,0.6787546873092651,0.7468087673187256,0.6787546873092651
HIV,1.0,1,avg,11,2200,0.7496558427810669,0.6753576397895813,0.7496558427810669,0.6753576397895813
HIV,1.0,1,avg,12,2400,0.7514516115188599,0.6715713143348694,0.7514516115188599,0.6715713143348694
HIV,1.0,1,avg,13,2600,0.7518964409828186,0.666133463382721,0.7518964409828186,0.666133463382721
HIV,1.0,1,avg,14,2800,0.7499141693115234,0.6609917283058167,0.7518964409828186,0.666133463382721
HIV,1.0,1,avg,15,3000,0.7456485033035278,0.6549910306930542,0.7518964409828186,0.666133463382721
HIV,1.0,1,avg,16,3200,0.740048348903656,0.65020751953125,0.7518964409828186,0.666133463382721
HIV,1.0,1,avg,17,3400,0.7367457151412964,0.6479129195213318,0.7518964409828186,0.666133463382721
HIV,1.0,1,avg,18,3600,0.7359163761138916,0.6483635306358337,0.7518964409828186,0.666133463382721
HIV,1.0,1,avg,19,3800,0.7364411950111389,0.6484135985374451,0.7518964409828186,0.666133463382721
HIV,1.0,1,avg,20,4000,0.7390704154968262,0.6499269604682922,0.7518964409828186,0.666133463382721
HIV,1.0,1,avg,21,4200,0.739274263381958,0.6506149768829346,0.7518964409828186,0.666133463382721
HIV,1.0,1,avg,22,4400,0.7415932416915894,0.6526135206222534,0.7518964409828186,0.666133463382721
HIV,1.0,1,avg,23,4600,0.7438593506813049,0.6544575095176697,0.7518964409828186,0.666133463382721
HIV,1.0,1,avg,24,4800,0.745782196521759,0.6556065082550049,0.7518964409828186,0.666133463382721
HIV,1.0,1,avg,25,5000,0.7482983469963074,0.6570507884025574,0.7518964409828186,0.666133463382721
HIV,1.0,1,avg,26,5200,0.7486193776130676,0.6576318144798279,0.7518964409828186,0.666133463382721
HIV,1.0,1,avg,27,5400,0.7507798671722412,0.6589906215667725,0.7518964409828186,0.666133463382721
HIV,1.0,1,avg,28,5600,0.7509820461273193,0.6600205302238464,0.7518964409828186,0.666133463382721
HIV,1.0,1,avg,29,5800,0.7523148059844971,0.6615235209465027,0.7523148059844971,0.6615235209465027
HIV,1.0,1,avg,30,6000,0.7522050738334656,0.6627726554870605,0.7523148059844971,0.6615235209465027
HIV,1.0,1,avg,31,6200,0.7529246807098389,0.664104700088501,0.7529246807098389,0.664104700088501
HIV,1.0,1,avg,32,6400,0.7529898881912231,0.6645104885101318,0.7529898881912231,0.6645104885101318
HIV,1.0,1,avg,33,6600,0.7537887096405029,0.6668784618377686,0.7537887096405029,0.6668784618377686
HIV,1.0,1,avg,34,6800,0.7550909519195557,0.6678556799888611,0.7550909519195557,0.6678556799888611
HIV,1.0,1,avg,35,7000,0.7552716732025146,0.6691825985908508,0.7552716732025146,0.6691825985908508
HIV,1.0,1,avg,36,7200,0.7560399770736694,0.6705198287963867,0.7560399770736694,0.6705198287963867
HIV,1.0,1,avg,37,7400,0.7559788823127747,0.6703678369522095,0.7560399770736694,0.6705198287963867
HIV,1.0,1,avg,38,7600,0.7587245106697083,0.672609806060791,0.7587245106697083,0.672609806060791
HIV,1.0,1,avg,39,7800,0.7576549649238586,0.6724241971969604,0.7587245106697083,0.672609806060791
HIV,1.0,1,avg,40,8000,0.7582252025604248,0.6719675064086914,0.7587245106697083,0.672609806060791
HIV,1.0,1,avg,41,8200,0.7592658400535583,0.6726313829421997,0.7592658400535583,0.6726313829421997
HIV,1.0,1,avg,42,8400,0.7593038082122803,0.671471118927002,0.7593038082122803,0.671471118927002
HIV,1.0,1,avg,43,8600,0.7603122591972351,0.6716040968894958,0.7603122591972351,0.6716040968894958
HIV,1.0,1,avg,44,8800,0.7583646774291992,0.6707606315612793,0.7603122591972351,0.6716040968894958
HIV,1.0,1,avg,45,9000,0.7607306838035583,0.669202446937561,0.7607306838035583,0.669202446937561
HIV,1.0,1,avg,46,9200,0.7610896825790405,0.6679834723472595,0.7610896825790405,0.6679834723472595
HIV,1.0,1,avg,47,9400,0.7620807886123657,0.6684962511062622,0.7620807886123657,0.6684962511062622
HIV,1.0,1,avg,48,9600,0.7626518607139587,0.6674439311027527,0.7626518607139587,0.6674439311027527
HIV,1.0,1,avg,49,9800,0.763439953327179,0.6677072048187256,0.763439953327179,0.6677072048187256
