dataset,method,alpha,seed,round,local_steps,local_k,global_k,lambda_proto,split,model_scope,auc,valid_tasks,test_molecules
SIDER,fedavg_proto,0.5,2,0,200,16,16,0.1,val,server,0.559361143994534,27,143
SIDER,fedavg_proto,0.5,2,0,200,16,16,0.1,val,client_0,0.5613384083044461,27,143
SIDER,fedavg_proto,0.5,2,0,200,16,16,0.1,val,client_1,0.5850525104914164,27,143
SIDER,fedavg_proto,0.5,2,0,200,16,16,0.1,val,client_2,0.5578893669739186,27,143
SIDER,fedavg_proto,0.5,2,0,200,16,16,0.1,val,client_3,0.5565873766670127,27,143
SIDER,fedavg_proto,0.5,2,0,200,16,16,0.1,val,clients_mean,0.5652169156091984,27,143
SIDER,fedavg_proto,0.5,2,0,200,16,16,0.1,val,clients_train_weighted_mean,0.5650022616332939,27,143
SIDER,fedavg_proto,0.5,2,0,200,16,16,0.1,val,clients_min,0.5565873766670127,27,143
SIDER,fedavg_proto,0.5,2,0,200,16,16,0.1,test,server,0.544113862063551,27,143
SIDER,fedavg_proto,0.5,2,0,200,16,16,0.1,test,client_0,0.5433865633313945,27,143
SIDER,fedavg_proto,0.5,2,0,200,16,16,0.1,test,client_1,0.557327207657838,27,143
SIDER,fedavg_proto,0.5,2,0,200,16,16,0.1,test,client_2,0.5355008798121222,27,143
SIDER,fedavg_proto,0.5,2,0,200,16,16,0.1,test,client_3,0.5375083967771564,27,143
SIDER,fedavg_proto,0.5,2,0,200,16,16,0.1,test,clients_mean,0.5434307618946278,27,143
SIDER,fedavg_proto,0.5,2,0,200,16,16,0.1,test,clients_train_weighted_mean,0.5431526826674243,27,143
SIDER,fedavg_proto,0.5,2,0,200,16,16,0.1,test,clients_min,0.5355008798121222,27,143
SIDER,fedavg_proto,0.5,2,1,200,16,16,0.1,val,server,0.5821566724617421,27,143
SIDER,fedavg_proto,0.5,2,1,200,16,16,0.1,val,client_0,0.5595652747485306,27,143
SIDER,fedavg_proto,0.5,2,1,200,16,16,0.1,val,client_1,0.5812110290511856,27,143
SIDER,fedavg_proto,0.5,2,1,200,16,16,0.1,val,client_2,0.5766850530896382,27,143
SIDER,fedavg_proto,0.5,2,1,200,16,16,0.1,val,client_3,0.5806508520887297,27,143
SIDER,fedavg_proto,0.5,2,1,200,16,16,0.1,val,clients_mean,0.5745280522445211,27,143
SIDER,fedavg_proto,0.5,2,1,200,16,16,0.1,val,clients_train_weighted_mean,0.5755653086063605,27,143
SIDER,fedavg_proto,0.5,2,1,200,16,16,0.1,val,clients_min,0.5595652747485306,27,143
SIDER,fedavg_proto,0.5,2,1,200,16,16,0.1,test,server,0.5667428040960653,27,143
SIDER,fedavg_proto,0.5,2,1,200,16,16,0.1,test,client_0,0.5523695142929276,27,143
SIDER,fedavg_proto,0.5,2,1,200,16,16,0.1,test,client_1,0.5646061528767946,27,143
SIDER,fedavg_proto,0.5,2,1,200,16,16,0.1,test,client_2,0.5812028706033081,27,143
SIDER,fedavg_proto,0.5,2,1,200,16,16,0.1,test,client_3,0.5622717526692325,27,143
SIDER,fedavg_proto,0.5,2,1,200,16,16,0.1,test,clients_mean,0.5651125726105657,27,143
SIDER,fedavg_proto,0.5,2,1,200,16,16,0.1,test,clients_train_weighted_mean,0.5656147198912611,27,143
SIDER,fedavg_proto,0.5,2,1,200,16,16,0.1,test,clients_min,0.5523695142929276,27,143
SIDER,fedavg_proto,0.5,2,2,200,16,16,0.1,val,server,0.5920476414493708,27,143
SIDER,fedavg_proto,0.5,2,2,200,16,16,0.1,val,client_0,0.6071980321798933,27,143
SIDER,fedavg_proto,0.5,2,2,200,16,16,0.1,val,client_1,0.5911904037637153,27,143
SIDER,fedavg_proto,0.5,2,2,200,16,16,0.1,val,client_2,0.5820569071344678,27,143
SIDER,fedavg_proto,0.5,2,2,200,16,16,0.1,val,client_3,0.5824042500345461,27,143
SIDER,fedavg_proto,0.5,2,2,200,16,16,0.1,val,clients_mean,0.5907123982781557,27,143
SIDER,fedavg_proto,0.5,2,2,200,16,16,0.1,val,clients_train_weighted_mean,0.5894956400506763,27,143
SIDER,fedavg_proto,0.5,2,2,200,16,16,0.1,val,clients_min,0.5820569071344678,27,143
SIDER,fedavg_proto,0.5,2,2,200,16,16,0.1,test,server,0.5828441658523209,27,143
SIDER,fedavg_proto,0.5,2,2,200,16,16,0.1,test,client_0,0.620675296916343,27,143
SIDER,fedavg_proto,0.5,2,2,200,16,16,0.1,test,client_1,0.5651230072794357,27,143
SIDER,fedavg_proto,0.5,2,2,200,16,16,0.1,test,client_2,0.59328007496258,27,143
SIDER,fedavg_proto,0.5,2,2,200,16,16,0.1,test,client_3,0.563339457271754,27,143
SIDER,fedavg_proto,0.5,2,2,200,16,16,0.1,test,clients_mean,0.5856044591075282,27,143
SIDER,fedavg_proto,0.5,2,2,200,16,16,0.1,test,clients_train_weighted_mean,0.5827987204096892,27,143
SIDER,fedavg_proto,0.5,2,2,200,16,16,0.1,test,clients_min,0.563339457271754,27,143
SIDER,fedavg_proto,0.5,2,3,200,16,16,0.1,val,server,0.6104243421095797,27,143
SIDER,fedavg_proto,0.5,2,3,200,16,16,0.1,val,client_0,0.6135201766212426,27,143
SIDER,fedavg_proto,0.5,2,3,200,16,16,0.1,val,client_1,0.6091907493153362,27,143
SIDER,fedavg_proto,0.5,2,3,200,16,16,0.1,val,client_2,0.6080800891866652,27,143
SIDER,fedavg_proto,0.5,2,3,200,16,16,0.1,val,client_3,0.5951718161012335,27,143
SIDER,fedavg_proto,0.5,2,3,200,16,16,0.1,val,clients_mean,0.6064907078061194,27,143
SIDER,fedavg_proto,0.5,2,3,200,16,16,0.1,val,clients_train_weighted_mean,0.6056038542789276,27,143
SIDER,fedavg_proto,0.5,2,3,200,16,16,0.1,val,clients_min,0.5951718161012335,27,143
SIDER,fedavg_proto,0.5,2,3,200,16,16,0.1,test,server,0.5985919985883315,27,143
SIDER,fedavg_proto,0.5,2,3,200,16,16,0.1,test,client_0,0.6219700365313323,27,143
SIDER,fedavg_proto,0.5,2,3,200,16,16,0.1,test,client_1,0.5778153634008315,27,143
SIDER,fedavg_proto,0.5,2,3,200,16,16,0.1,test,client_2,0.6093098505183263,27,143
SIDER,fedavg_proto,0.5,2,3,200,16,16,0.1,test,client_3,0.5692212105569551,27,143
SIDER,fedavg_proto,0.5,2,3,200,16,16,0.1,test,clients_mean,0.5945791152518612,27,143
SIDER,fedavg_proto,0.5,2,3,200,16,16,0.1,test,clients_train_weighted_mean,0.5920106583136888,27,143
SIDER,fedavg_proto,0.5,2,3,200,16,16,0.1,test,clients_min,0.5692212105569551,27,143
SIDER,fedavg_proto,0.5,2,4,200,16,16,0.1,val,server,0.6203105045194977,27,143
SIDER,fedavg_proto,0.5,2,4,200,16,16,0.1,val,client_0,0.6127985480634642,27,143
SIDER,fedavg_proto,0.5,2,4,200,16,16,0.1,val,client_1,0.6188527433004998,27,143
SIDER,fedavg_proto,0.5,2,4,200,16,16,0.1,val,client_2,0.6150247840384053,27,143
SIDER,fedavg_proto,0.5,2,4,200,16,16,0.1,val,client_3,0.6134530973670459,27,143
SIDER,fedavg_proto,0.5,2,4,200,16,16,0.1,val,clients_mean,0.6150322931923538,27,143
SIDER,fedavg_proto,0.5,2,4,200,16,16,0.1,val,clients_train_weighted_mean,0.6150691441106536,27,143
SIDER,fedavg_proto,0.5,2,4,200,16,16,0.1,val,clients_min,0.6127985480634642,27,143
SIDER,fedavg_proto,0.5,2,4,200,16,16,0.1,test,server,0.6065102032359617,27,143
SIDER,fedavg_proto,0.5,2,4,200,16,16,0.1,test,client_0,0.5954303208013155,27,143
SIDER,fedavg_proto,0.5,2,4,200,16,16,0.1,test,client_1,0.5892596065275657,27,143
SIDER,fedavg_proto,0.5,2,4,200,16,16,0.1,test,client_2,0.610375888314899,27,143
SIDER,fedavg_proto,0.5,2,4,200,16,16,0.1,test,client_3,0.5770528681375221,27,143
SIDER,fedavg_proto,0.5,2,4,200,16,16,0.1,test,clients_mean,0.5930296709453255,27,143
SIDER,fedavg_proto,0.5,2,4,200,16,16,0.1,test,clients_train_weighted_mean,0.5921536110036842,27,143
SIDER,fedavg_proto,0.5,2,4,200,16,16,0.1,test,clients_min,0.5770528681375221,27,143
SIDER,fedavg_proto,0.5,2,5,200,16,16,0.1,val,server,0.6344598711194629,27,143
SIDER,fedavg_proto,0.5,2,5,200,16,16,0.1,val,client_0,0.6046658002766712,27,143
SIDER,fedavg_proto,0.5,2,5,200,16,16,0.1,val,client_1,0.6387073438583999,27,143
SIDER,fedavg_proto,0.5,2,5,200,16,16,0.1,val,client_2,0.6210167471022501,27,143
SIDER,fedavg_proto,0.5,2,5,200,16,16,0.1,val,client_3,0.6029567737801045,27,143
SIDER,fedavg_proto,0.5,2,5,200,16,16,0.1,val,clients_mean,0.6168366662543564,27,143
SIDER,fedavg_proto,0.5,2,5,200,16,16,0.1,val,clients_train_weighted_mean,0.6167877838416644,27,143
SIDER,fedavg_proto,0.5,2,5,200,16,16,0.1,val,clients_min,0.6029567737801045,27,143
SIDER,fedavg_proto,0.5,2,5,200,16,16,0.1,test,server,0.5943942946731878,27,143
SIDER,fedavg_proto,0.5,2,5,200,16,16,0.1,test,client_0,0.5838110856763665,27,143
SIDER,fedavg_proto,0.5,2,5,200,16,16,0.1,test,client_1,0.5938164813882616,27,143
SIDER,fedavg_proto,0.5,2,5,200,16,16,0.1,test,client_2,0.5972674347076372,27,143
SIDER,fedavg_proto,0.5,2,5,200,16,16,0.1,test,client_3,0.5688268786513345,27,143
SIDER,fedavg_proto,0.5,2,5,200,16,16,0.1,test,clients_mean,0.5859304701058999,27,143
SIDER,fedavg_proto,0.5,2,5,200,16,16,0.1,test,clients_train_weighted_mean,0.5852268863845476,27,143
SIDER,fedavg_proto,0.5,2,5,200,16,16,0.1,test,clients_min,0.5688268786513345,27,143
SIDER,fedavg_proto,0.5,2,6,200,16,16,0.1,val,server,0.6531719701898917,27,143
SIDER,fedavg_proto,0.5,2,6,200,16,16,0.1,val,client_0,0.628450665845648,27,143
SIDER,fedavg_proto,0.5,2,6,200,16,16,0.1,val,client_1,0.66672217939544,27,143
SIDER,fedavg_proto,0.5,2,6,200,16,16,0.1,val,client_2,0.6194199855637023,27,143
SIDER,fedavg_proto,0.5,2,6,200,16,16,0.1,val,client_3,0.6233125356252743,27,143
SIDER,fedavg_proto,0.5,2,6,200,16,16,0.1,val,clients_mean,0.6344763416075161,27,143
SIDER,fedavg_proto,0.5,2,6,200,16,16,0.1,val,clients_train_weighted_mean,0.6342490129444008,27,143
SIDER,fedavg_proto,0.5,2,6,200,16,16,0.1,val,clients_min,0.6194199855637023,27,143
SIDER,fedavg_proto,0.5,2,6,200,16,16,0.1,test,server,0.589731768126091,27,143
SIDER,fedavg_proto,0.5,2,6,200,16,16,0.1,test,client_0,0.589293993678469,27,143
SIDER,fedavg_proto,0.5,2,6,200,16,16,0.1,test,client_1,0.5943183205908042,27,143
SIDER,fedavg_proto,0.5,2,6,200,16,16,0.1,test,client_2,0.5783139701397914,27,143
SIDER,fedavg_proto,0.5,2,6,200,16,16,0.1,test,client_3,0.5585044460169818,27,143
SIDER,fedavg_proto,0.5,2,6,200,16,16,0.1,test,clients_mean,0.5801076826065116,27,143
SIDER,fedavg_proto,0.5,2,6,200,16,16,0.1,test,clients_train_weighted_mean,0.5786263552559978,27,143
SIDER,fedavg_proto,0.5,2,6,200,16,16,0.1,test,clients_min,0.5585044460169818,27,143
SIDER,fedavg_proto,0.5,2,7,200,16,16,0.1,val,server,0.6601624140138014,27,143
SIDER,fedavg_proto,0.5,2,7,200,16,16,0.1,val,client_0,0.6374828134371726,27,143
SIDER,fedavg_proto,0.5,2,7,200,16,16,0.1,val,client_1,0.6652348612985849,27,143
SIDER,fedavg_proto,0.5,2,7,200,16,16,0.1,val,client_2,0.6263248714689656,27,143
SIDER,fedavg_proto,0.5,2,7,200,16,16,0.1,val,client_3,0.6168570068306939,27,143
SIDER,fedavg_proto,0.5,2,7,200,16,16,0.1,val,clients_mean,0.6364748882588542,27,143
SIDER,fedavg_proto,0.5,2,7,200,16,16,0.1,val,clients_train_weighted_mean,0.6354960825338019,27,143
SIDER,fedavg_proto,0.5,2,7,200,16,16,0.1,val,clients_min,0.6168570068306939,27,143
SIDER,fedavg_proto,0.5,2,7,200,16,16,0.1,test,server,0.5763987816768695,27,143
SIDER,fedavg_proto,0.5,2,7,200,16,16,0.1,test,client_0,0.584335016096386,27,143
SIDER,fedavg_proto,0.5,2,7,200,16,16,0.1,test,client_1,0.5941223779065835,27,143
SIDER,fedavg_proto,0.5,2,7,200,16,16,0.1,test,client_2,0.5706090007504009,27,143
SIDER,fedavg_proto,0.5,2,7,200,16,16,0.1,test,client_3,0.5566186729951613,27,143
SIDER,fedavg_proto,0.5,2,7,200,16,16,0.1,test,clients_mean,0.5764212669371329,27,143
SIDER,fedavg_proto,0.5,2,7,200,16,16,0.1,test,clients_train_weighted_mean,0.5750887307627737,27,143
SIDER,fedavg_proto,0.5,2,7,200,16,16,0.1,test,clients_min,0.5566186729951613,27,143
SIDER,fedavg_proto,0.5,2,8,200,16,16,0.1,val,server,0.6564519801773324,27,143
SIDER,fedavg_proto,0.5,2,8,200,16,16,0.1,val,client_0,0.6355483734932308,27,143
SIDER,fedavg_proto,0.5,2,8,200,16,16,0.1,val,client_1,0.6611389059601822,27,143
SIDER,fedavg_proto,0.5,2,8,200,16,16,0.1,val,client_2,0.605392292686903,27,143
SIDER,fedavg_proto,0.5,2,8,200,16,16,0.1,val,client_3,0.6333138485749222,27,143
SIDER,fedavg_proto,0.5,2,8,200,16,16,0.1,val,clients_mean,0.6338483551788096,27,143
SIDER,fedavg_proto,0.5,2,8,200,16,16,0.1,val,clients_train_weighted_mean,0.6337381322160296,27,143
SIDER,fedavg_proto,0.5,2,8,200,16,16,0.1,val,clients_min,0.605392292686903,27,143
SIDER,fedavg_proto,0.5,2,8,200,16,16,0.1,test,server,0.5691546506727009,27,143
SIDER,fedavg_proto,0.5,2,8,200,16,16,0.1,test,client_0,0.5691594919942191,27,143
SIDER,fedavg_proto,0.5,2,8,200,16,16,0.1,test,client_1,0.5918225600688726,27,143
SIDER,fedavg_proto,0.5,2,8,200,16,16,0.1,test,client_2,0.5317969065784913,27,143
SIDER,fedavg_proto,0.5,2,8,200,16,16,0.1,test,client_3,0.5660767871964156,27,143
SIDER,fedavg_proto,0.5,2,8,200,16,16,0.1,test,clients_mean,0.5647139364594997,27,143
SIDER,fedavg_proto,0.5,2,8,200,16,16,0.1,test,clients_train_weighted_mean,0.5645563530014054,27,143
SIDER,fedavg_proto,0.5,2,8,200,16,16,0.1,test,clients_min,0.5317969065784913,27,143
SIDER,fedavg_proto,0.5,2,9,200,16,16,0.1,val,server,0.6607441649677931,27,143
SIDER,fedavg_proto,0.5,2,9,200,16,16,0.1,val,client_0,0.6469724745518352,27,143
SIDER,fedavg_proto,0.5,2,9,200,16,16,0.1,val,client_1,0.6673067206114597,27,143
SIDER,fedavg_proto,0.5,2,9,200,16,16,0.1,val,client_2,0.6249868088000267,27,143
SIDER,fedavg_proto,0.5,2,9,200,16,16,0.1,val,client_3,0.6312960022439049,27,143
SIDER,fedavg_proto,0.5,2,9,200,16,16,0.1,val,clients_mean,0.6426405015518066,27,143
SIDER,fedavg_proto,0.5,2,9,200,16,16,0.1,val,clients_train_weighted_mean,0.6418871926792139,27,143
SIDER,fedavg_proto,0.5,2,9,200,16,16,0.1,val,clients_min,0.6249868088000267,27,143
SIDER,fedavg_proto,0.5,2,9,200,16,16,0.1,test,server,0.5785331671970342,27,143
SIDER,fedavg_proto,0.5,2,9,200,16,16,0.1,test,client_0,0.5826299361208219,27,143
SIDER,fedavg_proto,0.5,2,9,200,16,16,0.1,test,client_1,0.5937949413043386,27,143
SIDER,fedavg_proto,0.5,2,9,200,16,16,0.1,test,client_2,0.5624774103182132,27,143
SIDER,fedavg_proto,0.5,2,9,200,16,16,0.1,test,client_3,0.5674800426251848,27,143
SIDER,fedavg_proto,0.5,2,9,200,16,16,0.1,test,clients_mean,0.5765955825921396,27,143
SIDER,fedavg_proto,0.5,2,9,200,16,16,0.1,test,clients_train_weighted_mean,0.575862719043191,27,143
SIDER,fedavg_proto,0.5,2,9,200,16,16,0.1,test,clients_min,0.5624774103182132,27,143
SIDER,fedavg_proto,0.5,2,10,200,16,16,0.1,val,server,0.6648758803267024,27,143
SIDER,fedavg_proto,0.5,2,10,200,16,16,0.1,val,client_0,0.6421575621561039,27,143
SIDER,fedavg_proto,0.5,2,10,200,16,16,0.1,val,client_1,0.6555744683859948,27,143
SIDER,fedavg_proto,0.5,2,10,200,16,16,0.1,val,client_2,0.6179995981906615,27,143
SIDER,fedavg_proto,0.5,2,10,200,16,16,0.1,val,client_3,0.6441548762573276,27,143
SIDER,fedavg_proto,0.5,2,10,200,16,16,0.1,val,clients_mean,0.6399716262475219,27,143
SIDER,fedavg_proto,0.5,2,10,200,16,16,0.1,val,clients_train_weighted_mean,0.6400604055233681,27,143
SIDER,fedavg_proto,0.5,2,10,200,16,16,0.1,val,clients_min,0.6179995981906615,27,143
SIDER,fedavg_proto,0.5,2,10,200,16,16,0.1,test,server,0.5769089826212562,27,143
SIDER,fedavg_proto,0.5,2,10,200,16,16,0.1,test,client_0,0.5748315744575302,27,143
SIDER,fedavg_proto,0.5,2,10,200,16,16,0.1,test,client_1,0.585874046377214,27,143
SIDER,fedavg_proto,0.5,2,10,200,16,16,0.1,test,client_2,0.5519330094329374,27,143
SIDER,fedavg_proto,0.5,2,10,200,16,16,0.1,test,client_3,0.5723086123152983,27,143
SIDER,fedavg_proto,0.5,2,10,200,16,16,0.1,test,clients_mean,0.571236810645745,27,143
SIDER,fedavg_proto,0.5,2,10,200,16,16,0.1,test,clients_train_weighted_mean,0.5711079550391578,27,143
SIDER,fedavg_proto,0.5,2,10,200,16,16,0.1,test,clients_min,0.5519330094329374,27,143
SIDER,fedavg_proto,0.5,2,11,200,16,16,0.1,val,server,0.6560444305840049,27,143
SIDER,fedavg_proto,0.5,2,11,200,16,16,0.1,val,client_0,0.6499558710182436,27,143
SIDER,fedavg_proto,0.5,2,11,200,16,16,0.1,val,client_1,0.6485649080533804,27,143
SIDER,fedavg_proto,0.5,2,11,200,16,16,0.1,val,client_2,0.6071751787192431,27,143
SIDER,fedavg_proto,0.5,2,11,200,16,16,0.1,val,client_3,0.6556796245508919,27,143
SIDER,fedavg_proto,0.5,2,11,200,16,16,0.1,val,clients_mean,0.6403438955854398,27,143
SIDER,fedavg_proto,0.5,2,11,200,16,16,0.1,val,clients_train_weighted_mean,0.6405895106287918,27,143
SIDER,fedavg_proto,0.5,2,11,200,16,16,0.1,val,clients_min,0.6071751787192431,27,143
SIDER,fedavg_proto,0.5,2,11,200,16,16,0.1,test,server,0.5759204431629946,27,143
SIDER,fedavg_proto,0.5,2,11,200,16,16,0.1,test,client_0,0.5895965587579889,27,143
SIDER,fedavg_proto,0.5,2,11,200,16,16,0.1,test,client_1,0.5832077940993445,27,143
SIDER,fedavg_proto,0.5,2,11,200,16,16,0.1,test,client_2,0.5685637828182264,27,143
SIDER,fedavg_proto,0.5,2,11,200,16,16,0.1,test,client_3,0.5721866521932895,27,143
SIDER,fedavg_proto,0.5,2,11,200,16,16,0.1,test,clients_mean,0.5783886969672123,27,143
SIDER,fedavg_proto,0.5,2,11,200,16,16,0.1,test,clients_train_weighted_mean,0.5775352714283288,27,143
SIDER,fedavg_proto,0.5,2,11,200,16,16,0.1,test,clients_min,0.5685637828182264,27,143
SIDER,fedavg_proto,0.5,2,12,200,16,16,0.1,val,server,0.66476629232427,27,143
SIDER,fedavg_proto,0.5,2,12,200,16,16,0.1,val,client_0,0.6567583549380147,27,143
SIDER,fedavg_proto,0.5,2,12,200,16,16,0.1,val,client_1,0.671922542461679,27,143
SIDER,fedavg_proto,0.5,2,12,200,16,16,0.1,val,client_2,0.6247020776158757,27,143
SIDER,fedavg_proto,0.5,2,12,200,16,16,0.1,val,client_3,0.6542357972554059,27,143
SIDER,fedavg_proto,0.5,2,12,200,16,16,0.1,val,clients_mean,0.6519046930677439,27,143
SIDER,fedavg_proto,0.5,2,12,200,16,16,0.1,val,clients_train_weighted_mean,0.6517725466168485,27,143
SIDER,fedavg_proto,0.5,2,12,200,16,16,0.1,val,clients_min,0.6247020776158757,27,143
SIDER,fedavg_proto,0.5,2,12,200,16,16,0.1,test,server,0.5804027961020681,27,143
SIDER,fedavg_proto,0.5,2,12,200,16,16,0.1,test,client_0,0.5850408582598008,27,143
SIDER,fedavg_proto,0.5,2,12,200,16,16,0.1,test,client_1,0.5928801096794318,27,143
SIDER,fedavg_proto,0.5,2,12,200,16,16,0.1,test,client_2,0.564719430792943,27,143
SIDER,fedavg_proto,0.5,2,12,200,16,16,0.1,test,client_3,0.5776743444865078,27,143
SIDER,fedavg_proto,0.5,2,12,200,16,16,0.1,test,clients_mean,0.5800786858046708,27,143
SIDER,fedavg_proto,0.5,2,12,200,16,16,0.1,test,clients_train_weighted_mean,0.579717004594221,27,143
SIDER,fedavg_proto,0.5,2,12,200,16,16,0.1,test,clients_min,0.564719430792943,27,143
SIDER,fedavg_proto,0.5,2,13,200,16,16,0.1,val,server,0.6520726674843597,27,143
SIDER,fedavg_proto,0.5,2,13,200,16,16,0.1,val,client_0,0.6568222296700011,27,143
SIDER,fedavg_proto,0.5,2,13,200,16,16,0.1,val,client_1,0.6636565824264729,27,143
SIDER,fedavg_proto,0.5,2,13,200,16,16,0.1,val,client_2,0.5921705467593597,27,143
SIDER,fedavg_proto,0.5,2,13,200,16,16,0.1,val,client_3,0.6367531380094037,27,143
SIDER,fedavg_proto,0.5,2,13,200,16,16,0.1,val,clients_mean,0.6373506242163094,27,143
SIDER,fedavg_proto,0.5,2,13,200,16,16,0.1,val,clients_train_weighted_mean,0.6363496200392424,27,143
SIDER,fedavg_proto,0.5,2,13,200,16,16,0.1,val,clients_min,0.5921705467593597,27,143
SIDER,fedavg_proto,0.5,2,13,200,16,16,0.1,test,server,0.5802217622960038,27,143
SIDER,fedavg_proto,0.5,2,13,200,16,16,0.1,test,client_0,0.588444242980224,27,143
SIDER,fedavg_proto,0.5,2,13,200,16,16,0.1,test,client_1,0.6013999016716227,27,143
SIDER,fedavg_proto,0.5,2,13,200,16,16,0.1,test,client_2,0.5369357814527222,27,143
SIDER,fedavg_proto,0.5,2,13,200,16,16,0.1,test,client_3,0.5725892687480457,27,143
SIDER,fedavg_proto,0.5,2,13,200,16,16,0.1,test,clients_mean,0.5748422987131537,27,143
SIDER,fedavg_proto,0.5,2,13,200,16,16,0.1,test,clients_train_weighted_mean,0.5740561686155736,27,143
SIDER,fedavg_proto,0.5,2,13,200,16,16,0.1,test,clients_min,0.5369357814527222,27,143
SIDER,fedavg_proto,0.5,2,14,200,16,16,0.1,val,server,0.662281113571212,27,143
SIDER,fedavg_proto,0.5,2,14,200,16,16,0.1,val,client_0,0.6593359663995313,27,143
SIDER,fedavg_proto,0.5,2,14,200,16,16,0.1,val,client_1,0.667824383826462,27,143
SIDER,fedavg_proto,0.5,2,14,200,16,16,0.1,val,client_2,0.5878658421618121,27,143
SIDER,fedavg_proto,0.5,2,14,200,16,16,0.1,val,client_3,0.6459541558967837,27,143
SIDER,fedavg_proto,0.5,2,14,200,16,16,0.1,val,clients_mean,0.6402450870711472,27,143
SIDER,fedavg_proto,0.5,2,14,200,16,16,0.1,val,clients_train_weighted_mean,0.6395615722550794,27,143
SIDER,fedavg_proto,0.5,2,14,200,16,16,0.1,val,clients_min,0.5878658421618121,27,143
SIDER,fedavg_proto,0.5,2,14,200,16,16,0.1,test,server,0.5827904561314399,27,143
SIDER,fedavg_proto,0.5,2,14,200,16,16,0.1,test,client_0,0.6003283656436833,27,143
SIDER,fedavg_proto,0.5,2,14,200,16,16,0.1,test,client_1,0.6019995546594816,27,143
SIDER,fedavg_proto,0.5,2,14,200,16,16,0.1,test,client_2,0.54430448231121,27,143
SIDER,fedavg_proto,0.5,2,14,200,16,16,0.1,test,client_3,0.5660436388006072,27,143
SIDER,fedavg_proto,0.5,2,14,200,16,16,0.1,test,clients_mean,0.5781690103537456,27,143
SIDER,fedavg_proto,0.5,2,14,200,16,16,0.1,test,clients_train_weighted_mean,0.5764881573165888,27,143
SIDER,fedavg_proto,0.5,2,14,200,16,16,0.1,test,clients_min,0.54430448231121,27,143
SIDER,fedavg_proto,0.5,2,15,200,16,16,0.1,val,server,0.6562072926716758,27,143
SIDER,fedavg_proto,0.5,2,15,200,16,16,0.1,val,client_0,0.6481397605064637,27,143
SIDER,fedavg_proto,0.5,2,15,200,16,16,0.1,val,client_1,0.6732322633674614,27,143
SIDER,fedavg_proto,0.5,2,15,200,16,16,0.1,val,client_2,0.6106127728222048,27,143
SIDER,fedavg_proto,0.5,2,15,200,16,16,0.1,val,client_3,0.6246150763734849,27,143
SIDER,fedavg_proto,0.5,2,15,200,16,16,0.1,val,clients_mean,0.6391499682674038,27,143
SIDER,fedavg_proto,0.5,2,15,200,16,16,0.1,val,clients_train_weighted_mean,0.6380129811334002,27,143
SIDER,fedavg_proto,0.5,2,15,200,16,16,0.1,val,clients_min,0.6106127728222048,27,143
SIDER,fedavg_proto,0.5,2,15,200,16,16,0.1,test,server,0.5782279715927291,27,143
SIDER,fedavg_proto,0.5,2,15,200,16,16,0.1,test,client_0,0.5924159179571118,27,143
SIDER,fedavg_proto,0.5,2,15,200,16,16,0.1,test,client_1,0.6018679070738381,27,143
SIDER,fedavg_proto,0.5,2,15,200,16,16,0.1,test,client_2,0.5519013415184036,27,143
SIDER,fedavg_proto,0.5,2,15,200,16,16,0.1,test,client_3,0.5666017269945698,27,143
SIDER,fedavg_proto,0.5,2,15,200,16,16,0.1,test,clients_mean,0.5781967233859808,27,143
SIDER,fedavg_proto,0.5,2,15,200,16,16,0.1,test,clients_train_weighted_mean,0.5769376314528603,27,143
SIDER,fedavg_proto,0.5,2,15,200,16,16,0.1,test,clients_min,0.5519013415184036,27,143
SIDER,fedavg_proto,0.5,2,16,200,16,16,0.1,val,server,0.661001649235695,27,143
SIDER,fedavg_proto,0.5,2,16,200,16,16,0.1,val,client_0,0.6511111416258225,27,143
SIDER,fedavg_proto,0.5,2,16,200,16,16,0.1,val,client_1,0.6786520424887167,27,143
SIDER,fedavg_proto,0.5,2,16,200,16,16,0.1,val,client_2,0.6263991072027343,27,143
SIDER,fedavg_proto,0.5,2,16,200,16,16,0.1,val,client_3,0.6238025090305492,27,143
SIDER,fedavg_proto,0.5,2,16,200,16,16,0.1,val,clients_mean,0.6449912000869557,27,143
SIDER,fedavg_proto,0.5,2,16,200,16,16,0.1,val,clients_train_weighted_mean,0.643682675998646,27,143
SIDER,fedavg_proto,0.5,2,16,200,16,16,0.1,val,clients_min,0.6238025090305492,27,143
SIDER,fedavg_proto,0.5,2,16,200,16,16,0.1,test,server,0.5892814443324367,27,143
SIDER,fedavg_proto,0.5,2,16,200,16,16,0.1,test,client_0,0.600576851402676,27,143
SIDER,fedavg_proto,0.5,2,16,200,16,16,0.1,test,client_1,0.6059341990447654,27,143
SIDER,fedavg_proto,0.5,2,16,200,16,16,0.1,test,client_2,0.5635568988733277,27,143
SIDER,fedavg_proto,0.5,2,16,200,16,16,0.1,test,client_3,0.6063506733473859,27,143
SIDER,fedavg_proto,0.5,2,16,200,16,16,0.1,test,clients_mean,0.5941046556670387,27,143
SIDER,fedavg_proto,0.5,2,16,200,16,16,0.1,test,clients_train_weighted_mean,0.5943608956300601,27,143
SIDER,fedavg_proto,0.5,2,16,200,16,16,0.1,test,clients_min,0.5635568988733277,27,143
SIDER,fedavg_proto,0.5,2,17,200,16,16,0.1,val,server,0.6561202180743402,27,143
SIDER,fedavg_proto,0.5,2,17,200,16,16,0.1,val,client_0,0.6409331527452571,27,143
SIDER,fedavg_proto,0.5,2,17,200,16,16,0.1,val,client_1,0.6700260288064515,27,143
SIDER,fedavg_proto,0.5,2,17,200,16,16,0.1,val,client_2,0.6113747382287785,27,143
SIDER,fedavg_proto,0.5,2,17,200,16,16,0.1,val,client_3,0.6132724940769307,27,143
SIDER,fedavg_proto,0.5,2,17,200,16,16,0.1,val,clients_mean,0.6339016034643544,27,143
SIDER,fedavg_proto,0.5,2,17,200,16,16,0.1,val,clients_train_weighted_mean,0.6325740222058687,27,143
SIDER,fedavg_proto,0.5,2,17,200,16,16,0.1,val,clients_min,0.6113747382287785,27,143
SIDER,fedavg_proto,0.5,2,17,200,16,16,0.1,test,server,0.5829870660599691,27,143
SIDER,fedavg_proto,0.5,2,17,200,16,16,0.1,test,client_0,0.6019297963384708,27,143
SIDER,fedavg_proto,0.5,2,17,200,16,16,0.1,test,client_1,0.6009547313592577,27,143
SIDER,fedavg_proto,0.5,2,17,200,16,16,0.1,test,client_2,0.561219915639162,27,143
SIDER,fedavg_proto,0.5,2,17,200,16,16,0.1,test,client_3,0.5775006055510297,27,143
SIDER,fedavg_proto,0.5,2,17,200,16,16,0.1,test,clients_mean,0.58540126222198,27,143
SIDER,fedavg_proto,0.5,2,17,200,16,16,0.1,test,clients_train_weighted_mean,0.584201646179148,27,143
SIDER,fedavg_proto,0.5,2,17,200,16,16,0.1,test,clients_min,0.561219915639162,27,143
SIDER,fedavg_proto,0.5,2,18,200,16,16,0.1,val,server,0.6652011997438648,27,143
SIDER,fedavg_proto,0.5,2,18,200,16,16,0.1,val,client_0,0.6488546982839586,27,143
SIDER,fedavg_proto,0.5,2,18,200,16,16,0.1,val,client_1,0.6740998883894577,27,143
SIDER,fedavg_proto,0.5,2,18,200,16,16,0.1,val,client_2,0.6444251987921218,27,143
SIDER,fedavg_proto,0.5,2,18,200,16,16,0.1,val,client_3,0.6292508279057374,27,143
SIDER,fedavg_proto,0.5,2,18,200,16,16,0.1,val,clients_mean,0.6491576533428189,27,143
SIDER,fedavg_proto,0.5,2,18,200,16,16,0.1,val,clients_train_weighted_mean,0.6482306593592542,27,143
SIDER,fedavg_proto,0.5,2,18,200,16,16,0.1,val,clients_min,0.6292508279057374,27,143
SIDER,fedavg_proto,0.5,2,18,200,16,16,0.1,test,server,0.5892473235612952,27,143
SIDER,fedavg_proto,0.5,2,18,200,16,16,0.1,test,client_0,0.6079265208757353,27,143
SIDER,fedavg_proto,0.5,2,18,200,16,16,0.1,test,client_1,0.6053374578804601,27,143
SIDER,fedavg_proto,0.5,2,18,200,16,16,0.1,test,client_2,0.5633584242012076,27,143
SIDER,fedavg_proto,0.5,2,18,200,16,16,0.1,test,client_3,0.5936132912728957,27,143
SIDER,fedavg_proto,0.5,2,18,200,16,16,0.1,test,clients_mean,0.5925589235575748,27,143
SIDER,fedavg_proto,0.5,2,18,200,16,16,0.1,test,clients_train_weighted_mean,0.5918411170803549,27,143
SIDER,fedavg_proto,0.5,2,18,200,16,16,0.1,test,clients_min,0.5633584242012076,27,143
SIDER,fedavg_proto,0.5,2,19,200,16,16,0.1,val,server,0.6506009764148941,27,143
SIDER,fedavg_proto,0.5,2,19,200,16,16,0.1,val,client_0,0.6535178205604689,27,143
SIDER,fedavg_proto,0.5,2,19,200,16,16,0.1,val,client_1,0.6809911436804986,27,143
SIDER,fedavg_proto,0.5,2,19,200,16,16,0.1,val,client_2,0.5902237120589291,27,143
SIDER,fedavg_proto,0.5,2,19,200,16,16,0.1,val,client_3,0.60813118098701,27,143
SIDER,fedavg_proto,0.5,2,19,200,16,16,0.1,val,clients_mean,0.6332159643217267,27,143
SIDER,fedavg_proto,0.5,2,19,200,16,16,0.1,val,clients_train_weighted_mean,0.6310145759731878,27,143
SIDER,fedavg_proto,0.5,2,19,200,16,16,0.1,val,clients_min,0.5902237120589291,27,143
SIDER,fedavg_proto,0.5,2,19,200,16,16,0.1,test,server,0.5851050416122573,27,143
SIDER,fedavg_proto,0.5,2,19,200,16,16,0.1,test,client_0,0.6075139714912402,27,143
SIDER,fedavg_proto,0.5,2,19,200,16,16,0.1,test,client_1,0.6112428450742926,27,143
SIDER,fedavg_proto,0.5,2,19,200,16,16,0.1,test,client_2,0.5459366992192835,27,143
SIDER,fedavg_proto,0.5,2,19,200,16,16,0.1,test,client_3,0.5797460412266674,27,143
SIDER,fedavg_proto,0.5,2,19,200,16,16,0.1,test,clients_mean,0.586109889252871,27,143
SIDER,fedavg_proto,0.5,2,19,200,16,16,0.1,test,clients_train_weighted_mean,0.5847394418549725,27,143
SIDER,fedavg_proto,0.5,2,19,200,16,16,0.1,test,clients_min,0.5459366992192835,27,143
SIDER,fedavg_proto,0.5,2,20,200,16,16,0.1,val,server,0.6575379846426861,27,143
SIDER,fedavg_proto,0.5,2,20,200,16,16,0.1,val,client_0,0.6416130674724451,27,143
SIDER,fedavg_proto,0.5,2,20,200,16,16,0.1,val,client_1,0.679999870396458,27,143
SIDER,fedavg_proto,0.5,2,20,200,16,16,0.1,val,client_2,0.6136001501130222,27,143
SIDER,fedavg_proto,0.5,2,20,200,16,16,0.1,val,client_3,0.621273989863949,27,143
SIDER,fedavg_proto,0.5,2,20,200,16,16,0.1,val,clients_mean,0.6391217694614686,27,143
SIDER,fedavg_proto,0.5,2,20,200,16,16,0.1,val,clients_train_weighted_mean,0.6381526335413181,27,143
SIDER,fedavg_proto,0.5,2,20,200,16,16,0.1,val,clients_min,0.6136001501130222,27,143
SIDER,fedavg_proto,0.5,2,20,200,16,16,0.1,test,server,0.5994038422250868,27,143
SIDER,fedavg_proto,0.5,2,20,200,16,16,0.1,test,client_0,0.5942293996757745,27,143
SIDER,fedavg_proto,0.5,2,20,200,16,16,0.1,test,client_1,0.6065783986489328,27,143
SIDER,fedavg_proto,0.5,2,20,200,16,16,0.1,test,client_2,0.5694616994172332,27,143
SIDER,fedavg_proto,0.5,2,20,200,16,16,0.1,test,client_3,0.5825029041693186,27,143
SIDER,fedavg_proto,0.5,2,20,200,16,16,0.1,test,clients_mean,0.5881931004778148,27,143
SIDER,fedavg_proto,0.5,2,20,200,16,16,0.1,test,clients_train_weighted_mean,0.5876222506487679,27,143
SIDER,fedavg_proto,0.5,2,20,200,16,16,0.1,test,clients_min,0.5694616994172332,27,143
SIDER,fedavg_proto,0.5,2,21,200,16,16,0.1,val,server,0.6629614340341249,27,143
SIDER,fedavg_proto,0.5,2,21,200,16,16,0.1,val,client_0,0.6641214237839995,27,143
SIDER,fedavg_proto,0.5,2,21,200,16,16,0.1,val,client_1,0.6863317842014567,27,143
SIDER,fedavg_proto,0.5,2,21,200,16,16,0.1,val,client_2,0.6068952121239078,27,143
SIDER,fedavg_proto,0.5,2,21,200,16,16,0.1,val,client_3,0.6208669218541848,27,143
SIDER,fedavg_proto,0.5,2,21,200,16,16,0.1,val,clients_mean,0.6445538354908873,27,143
SIDER,fedavg_proto,0.5,2,21,200,16,16,0.1,val,clients_train_weighted_mean,0.6424552852112296,27,143
SIDER,fedavg_proto,0.5,2,21,200,16,16,0.1,val,clients_min,0.6068952121239078,27,143
SIDER,fedavg_proto,0.5,2,21,200,16,16,0.1,test,server,0.5888688697688438,27,143
SIDER,fedavg_proto,0.5,2,21,200,16,16,0.1,test,client_0,0.6035563371210187,27,143
SIDER,fedavg_proto,0.5,2,21,200,16,16,0.1,test,client_1,0.618108387932778,27,143
SIDER,fedavg_proto,0.5,2,21,200,16,16,0.1,test,client_2,0.5499790778010845,27,143
SIDER,fedavg_proto,0.5,2,21,200,16,16,0.1,test,client_3,0.5706001158074746,27,143
SIDER,fedavg_proto,0.5,2,21,200,16,16,0.1,test,clients_mean,0.585560979665589,27,143
SIDER,fedavg_proto,0.5,2,21,200,16,16,0.1,test,clients_train_weighted_mean,0.5839539489703237,27,143
SIDER,fedavg_proto,0.5,2,21,200,16,16,0.1,test,clients_min,0.5499790778010845,27,143
SIDER,fedavg_proto,0.5,2,22,200,16,16,0.1,val,server,0.6603117838802895,27,143
SIDER,fedavg_proto,0.5,2,22,200,16,16,0.1,val,client_0,0.6670176880736123,27,143
SIDER,fedavg_proto,0.5,2,22,200,16,16,0.1,val,client_1,0.6993317521939547,27,143
SIDER,fedavg_proto,0.5,2,22,200,16,16,0.1,val,client_2,0.6179055368917982,27,143
SIDER,fedavg_proto,0.5,2,22,200,16,16,0.1,val,client_3,0.596631553644793,27,143
SIDER,fedavg_proto,0.5,2,22,200,16,16,0.1,val,clients_mean,0.6452216327010395,27,143
SIDER,fedavg_proto,0.5,2,22,200,16,16,0.1,val,clients_train_weighted_mean,0.6418331669470747,27,143
SIDER,fedavg_proto,0.5,2,22,200,16,16,0.1,val,clients_min,0.596631553644793,27,143
SIDER,fedavg_proto,0.5,2,22,200,16,16,0.1,test,server,0.588193893832662,27,143
SIDER,fedavg_proto,0.5,2,22,200,16,16,0.1,test,client_0,0.6168071035998443,27,143
SIDER,fedavg_proto,0.5,2,22,200,16,16,0.1,test,client_1,0.6122859274047476,27,143
SIDER,fedavg_proto,0.5,2,22,200,16,16,0.1,test,client_2,0.558946081358691,27,143
SIDER,fedavg_proto,0.5,2,22,200,16,16,0.1,test,client_3,0.5588514236098505,27,143
SIDER,fedavg_proto,0.5,2,22,200,16,16,0.1,test,clients_mean,0.5867226339932834,27,143
SIDER,fedavg_proto,0.5,2,22,200,16,16,0.1,test,clients_train_weighted_mean,0.5839006706906722,27,143
SIDER,fedavg_proto,0.5,2,22,200,16,16,0.1,test,clients_min,0.5588514236098505,27,143
SIDER,fedavg_proto,0.5,2,23,200,16,16,0.1,val,server,0.6804379716349321,27,143
SIDER,fedavg_proto,0.5,2,23,200,16,16,0.1,val,client_0,0.666149341081374,27,143
SIDER,fedavg_proto,0.5,2,23,200,16,16,0.1,val,client_1,0.7035245712997471,27,143
SIDER,fedavg_proto,0.5,2,23,200,16,16,0.1,val,client_2,0.6093628656166177,27,143
SIDER,fedavg_proto,0.5,2,23,200,16,16,0.1,val,client_3,0.6554196392816128,27,143
SIDER,fedavg_proto,0.5,2,23,200,16,16,0.1,val,clients_mean,0.6586141043198379,27,143
SIDER,fedavg_proto,0.5,2,23,200,16,16,0.1,val,clients_train_weighted_mean,0.6580864885376542,27,143
SIDER,fedavg_proto,0.5,2,23,200,16,16,0.1,val,clients_min,0.6093628656166177,27,143
SIDER,fedavg_proto,0.5,2,23,200,16,16,0.1,test,server,0.5940272324083791,27,143
SIDER,fedavg_proto,0.5,2,23,200,16,16,0.1,test,client_0,0.6019606440528146,27,143
SIDER,fedavg_proto,0.5,2,23,200,16,16,0.1,test,client_1,0.6178874366727257,27,143
SIDER,fedavg_proto,0.5,2,23,200,16,16,0.1,test,client_2,0.5507086417651437,27,143
SIDER,fedavg_proto,0.5,2,23,200,16,16,0.1,test,client_3,0.5783078727558295,27,143
SIDER,fedavg_proto,0.5,2,23,200,16,16,0.1,test,clients_mean,0.5872161488116283,27,143
SIDER,fedavg_proto,0.5,2,23,200,16,16,0.1,test,clients_train_weighted_mean,0.5860579690256856,27,143
SIDER,fedavg_proto,0.5,2,23,200,16,16,0.1,test,clients_min,0.5507086417651437,27,143
SIDER,fedavg_proto,0.5,2,24,200,16,16,0.1,val,server,0.6695109849108994,27,143
SIDER,fedavg_proto,0.5,2,24,200,16,16,0.1,val,client_0,0.6562296396526053,27,143
SIDER,fedavg_proto,0.5,2,24,200,16,16,0.1,val,client_1,0.679711958413594,27,143
SIDER,fedavg_proto,0.5,2,24,200,16,16,0.1,val,client_2,0.6554844495232451,27,143
SIDER,fedavg_proto,0.5,2,24,200,16,16,0.1,val,client_3,0.6376599589836379,27,143
SIDER,fedavg_proto,0.5,2,24,200,16,16,0.1,val,clients_mean,0.6572715016432706,27,143
SIDER,fedavg_proto,0.5,2,24,200,16,16,0.1,val,clients_train_weighted_mean,0.6563953954468182,27,143
SIDER,fedavg_proto,0.5,2,24,200,16,16,0.1,val,clients_min,0.6376599589836379,27,143
SIDER,fedavg_proto,0.5,2,24,200,16,16,0.1,test,server,0.5843954874403646,27,143
SIDER,fedavg_proto,0.5,2,24,200,16,16,0.1,test,client_0,0.5844390632333829,27,143
SIDER,fedavg_proto,0.5,2,24,200,16,16,0.1,test,client_1,0.5953678870527553,27,143
SIDER,fedavg_proto,0.5,2,24,200,16,16,0.1,test,client_2,0.5662904417742761,27,143
SIDER,fedavg_proto,0.5,2,24,200,16,16,0.1,test,client_3,0.577948794909351,27,143
SIDER,fedavg_proto,0.5,2,24,200,16,16,0.1,test,clients_mean,0.5810115467424414,27,143
SIDER,fedavg_proto,0.5,2,24,200,16,16,0.1,test,clients_train_weighted_mean,0.5806953705470246,27,143
SIDER,fedavg_proto,0.5,2,24,200,16,16,0.1,test,clients_min,0.5662904417742761,27,143
SIDER,fedavg_proto,0.5,2,25,200,16,16,0.1,val,server,0.6761986358575941,27,143
SIDER,fedavg_proto,0.5,2,25,200,16,16,0.1,val,client_0,0.6713087141139534,27,143
SIDER,fedavg_proto,0.5,2,25,200,16,16,0.1,val,client_1,0.6883454797880632,27,143
SIDER,fedavg_proto,0.5,2,25,200,16,16,0.1,val,client_2,0.6348439098845504,27,143
SIDER,fedavg_proto,0.5,2,25,200,16,16,0.1,val,client_3,0.6445465310124452,27,143
SIDER,fedavg_proto,0.5,2,25,200,16,16,0.1,val,clients_mean,0.659761158699753,27,143
SIDER,fedavg_proto,0.5,2,25,200,16,16,0.1,val,clients_train_weighted_mean,0.6584642256991184,27,143
SIDER,fedavg_proto,0.5,2,25,200,16,16,0.1,val,clients_min,0.6348439098845504,27,143
SIDER,fedavg_proto,0.5,2,25,200,16,16,0.1,test,server,0.5904548323448663,27,143
SIDER,fedavg_proto,0.5,2,25,200,16,16,0.1,test,client_0,0.5967521966130327,27,143
SIDER,fedavg_proto,0.5,2,25,200,16,16,0.1,test,client_1,0.6125216208138449,27,143
SIDER,fedavg_proto,0.5,2,25,200,16,16,0.1,test,client_2,0.5603264577930884,27,143
SIDER,fedavg_proto,0.5,2,25,200,16,16,0.1,test,client_3,0.576435600770231,27,143
SIDER,fedavg_proto,0.5,2,25,200,16,16,0.1,test,clients_mean,0.5865089689975492,27,143
SIDER,fedavg_proto,0.5,2,25,200,16,16,0.1,test,clients_train_weighted_mean,0.585520515133958,27,143
SIDER,fedavg_proto,0.5,2,25,200,16,16,0.1,test,clients_min,0.5603264577930884,27,143
SIDER,fedavg_proto,0.5,2,26,200,16,16,0.1,val,server,0.67560804970422,27,143
SIDER,fedavg_proto,0.5,2,26,200,16,16,0.1,val,client_0,0.6527545332629822,27,143
SIDER,fedavg_proto,0.5,2,26,200,16,16,0.1,val,client_1,0.6996890450737879,27,143
SIDER,fedavg_proto,0.5,2,26,200,16,16,0.1,val,client_2,0.6381583362526816,27,143
SIDER,fedavg_proto,0.5,2,26,200,16,16,0.1,val,client_3,0.6547148362660058,27,143
SIDER,fedavg_proto,0.5,2,26,200,16,16,0.1,val,clients_mean,0.6613291877138643,27,143
SIDER,fedavg_proto,0.5,2,26,200,16,16,0.1,val,clients_train_weighted_mean,0.6614445078939835,27,143
SIDER,fedavg_proto,0.5,2,26,200,16,16,0.1,val,clients_min,0.6381583362526816,27,143
SIDER,fedavg_proto,0.5,2,26,200,16,16,0.1,test,server,0.5929359152845614,27,143
SIDER,fedavg_proto,0.5,2,26,200,16,16,0.1,test,client_0,0.5888096109433516,27,143
SIDER,fedavg_proto,0.5,2,26,200,16,16,0.1,test,client_1,0.6181137577497364,27,143
SIDER,fedavg_proto,0.5,2,26,200,16,16,0.1,test,client_2,0.567357438809223,27,143
SIDER,fedavg_proto,0.5,2,26,200,16,16,0.1,test,client_3,0.5742839086973509,27,143
SIDER,fedavg_proto,0.5,2,26,200,16,16,0.1,test,clients_mean,0.5871411790499155,27,143
SIDER,fedavg_proto,0.5,2,26,200,16,16,0.1,test,clients_train_weighted_mean,0.5864493357396926,27,143
SIDER,fedavg_proto,0.5,2,26,200,16,16,0.1,test,clients_min,0.567357438809223,27,143
SIDER,fedavg_proto,0.5,2,27,200,16,16,0.1,val,server,0.6695296216616309,27,143
SIDER,fedavg_proto,0.5,2,27,200,16,16,0.1,val,client_0,0.6761207691961479,27,143
SIDER,fedavg_proto,0.5,2,27,200,16,16,0.1,val,client_1,0.6960109337027889,27,143
SIDER,fedavg_proto,0.5,2,27,200,16,16,0.1,val,client_2,0.6355737804707994,27,143
SIDER,fedavg_proto,0.5,2,27,200,16,16,0.1,val,client_3,0.6276372203669448,27,143
SIDER,fedavg_proto,0.5,2,27,200,16,16,0.1,val,clients_mean,0.6588356759341703,27,143
SIDER,fedavg_proto,0.5,2,27,200,16,16,0.1,val,clients_train_weighted_mean,0.6564956523438434,27,143
SIDER,fedavg_proto,0.5,2,27,200,16,16,0.1,val,clients_min,0.6276372203669448,27,143
SIDER,fedavg_proto,0.5,2,27,200,16,16,0.1,test,server,0.5979705344370003,27,143
SIDER,fedavg_proto,0.5,2,27,200,16,16,0.1,test,client_0,0.6106414547496585,27,143
SIDER,fedavg_proto,0.5,2,27,200,16,16,0.1,test,client_1,0.6175533000849719,27,143
SIDER,fedavg_proto,0.5,2,27,200,16,16,0.1,test,client_2,0.5533372553746112,27,143
SIDER,fedavg_proto,0.5,2,27,200,16,16,0.1,test,client_3,0.5780450528183357,27,143
SIDER,fedavg_proto,0.5,2,27,200,16,16,0.1,test,clients_mean,0.5898942657568943,27,143
SIDER,fedavg_proto,0.5,2,27,200,16,16,0.1,test,clients_train_weighted_mean,0.5882970288846159,27,143
SIDER,fedavg_proto,0.5,2,27,200,16,16,0.1,test,clients_min,0.5533372553746112,27,143
SIDER,fedavg_proto,0.5,2,28,200,16,16,0.1,val,server,0.6714506339862246,27,143
SIDER,fedavg_proto,0.5,2,28,200,16,16,0.1,val,client_0,0.6649157780130615,27,143
SIDER,fedavg_proto,0.5,2,28,200,16,16,0.1,val,client_1,0.6966492028556033,27,143
SIDER,fedavg_proto,0.5,2,28,200,16,16,0.1,val,client_2,0.6489933649695723,27,143
SIDER,fedavg_proto,0.5,2,28,200,16,16,0.1,val,client_3,0.6246355614017807,27,143
SIDER,fedavg_proto,0.5,2,28,200,16,16,0.1,val,clients_mean,0.6587984768100044,27,143
SIDER,fedavg_proto,0.5,2,28,200,16,16,0.1,val,clients_train_weighted_mean,0.6568760547235729,27,143
SIDER,fedavg_proto,0.5,2,28,200,16,16,0.1,val,clients_min,0.6246355614017807,27,143
SIDER,fedavg_proto,0.5,2,28,200,16,16,0.1,test,server,0.5827872488408933,27,143
SIDER,fedavg_proto,0.5,2,28,200,16,16,0.1,test,client_0,0.5944903071997965,27,143
SIDER,fedavg_proto,0.5,2,28,200,16,16,0.1,test,client_1,0.6196576157953646,27,143
SIDER,fedavg_proto,0.5,2,28,200,16,16,0.1,test,client_2,0.5571742513219132,27,143
SIDER,fedavg_proto,0.5,2,28,200,16,16,0.1,test,client_3,0.5590873751489924,27,143
SIDER,fedavg_proto,0.5,2,28,200,16,16,0.1,test,clients_mean,0.5826023873665167,27,143
SIDER,fedavg_proto,0.5,2,28,200,16,16,0.1,test,clients_train_weighted_mean,0.5808956195398355,27,143
SIDER,fedavg_proto,0.5,2,28,200,16,16,0.1,test,clients_min,0.5571742513219132,27,143
SIDER,fedavg_proto,0.5,2,29,200,16,16,0.1,val,server,0.6597661931737752,27,143
SIDER,fedavg_proto,0.5,2,29,200,16,16,0.1,val,client_0,0.6544818870221716,27,143
SIDER,fedavg_proto,0.5,2,29,200,16,16,0.1,val,client_1,0.6852966779235586,27,143
SIDER,fedavg_proto,0.5,2,29,200,16,16,0.1,val,client_2,0.6494710175518054,27,143
SIDER,fedavg_proto,0.5,2,29,200,16,16,0.1,val,client_3,0.6017832993734322,27,143
SIDER,fedavg_proto,0.5,2,29,200,16,16,0.1,val,clients_mean,0.6477582204677419,27,143
SIDER,fedavg_proto,0.5,2,29,200,16,16,0.1,val,clients_train_weighted_mean,0.6452464809999986,27,143
SIDER,fedavg_proto,0.5,2,29,200,16,16,0.1,val,clients_min,0.6017832993734322,27,143
SIDER,fedavg_proto,0.5,2,29,200,16,16,0.1,test,server,0.5917621434382583,27,143
SIDER,fedavg_proto,0.5,2,29,200,16,16,0.1,test,client_0,0.5850966500856684,27,143
SIDER,fedavg_proto,0.5,2,29,200,16,16,0.1,test,client_1,0.6120298238959955,27,143
SIDER,fedavg_proto,0.5,2,29,200,16,16,0.1,test,client_2,0.5733908391243739,27,143
SIDER,fedavg_proto,0.5,2,29,200,16,16,0.1,test,client_3,0.565701440273597,27,143
SIDER,fedavg_proto,0.5,2,29,200,16,16,0.1,test,clients_mean,0.5840546883449087,27,143
SIDER,fedavg_proto,0.5,2,29,200,16,16,0.1,test,clients_train_weighted_mean,0.5831340334675432,27,143
SIDER,fedavg_proto,0.5,2,29,200,16,16,0.1,test,clients_min,0.565701440273597,27,143
SIDER,fedavg_proto,0.5,2,30,200,16,16,0.1,val,server,0.6696890370620419,27,143
SIDER,fedavg_proto,0.5,2,30,200,16,16,0.1,val,client_0,0.6764874245518596,27,143
SIDER,fedavg_proto,0.5,2,30,200,16,16,0.1,val,client_1,0.6907766621457401,27,143
SIDER,fedavg_proto,0.5,2,30,200,16,16,0.1,val,client_2,0.6593642163716461,27,143
SIDER,fedavg_proto,0.5,2,30,200,16,16,0.1,val,client_3,0.6067440251930885,27,143
SIDER,fedavg_proto,0.5,2,30,200,16,16,0.1,val,clients_mean,0.6583430820655836,27,143
SIDER,fedavg_proto,0.5,2,30,200,16,16,0.1,val,clients_train_weighted_mean,0.6549946363225227,27,143
SIDER,fedavg_proto,0.5,2,30,200,16,16,0.1,val,clients_min,0.6067440251930885,27,143
SIDER,fedavg_proto,0.5,2,30,200,16,16,0.1,test,server,0.5938407721459892,27,143
SIDER,fedavg_proto,0.5,2,30,200,16,16,0.1,test,client_0,0.6104154066108352,27,143
SIDER,fedavg_proto,0.5,2,30,200,16,16,0.1,test,client_1,0.6020777821935194,27,143
SIDER,fedavg_proto,0.5,2,30,200,16,16,0.1,test,client_2,0.5754201453976563,27,143
SIDER,fedavg_proto,0.5,2,30,200,16,16,0.1,test,client_3,0.5715708133796424,27,143
SIDER,fedavg_proto,0.5,2,30,200,16,16,0.1,test,clients_mean,0.5898710368954134,27,143
SIDER,fedavg_proto,0.5,2,30,200,16,16,0.1,test,clients_train_weighted_mean,0.5879786257265871,27,143
SIDER,fedavg_proto,0.5,2,30,200,16,16,0.1,test,clients_min,0.5715708133796424,27,143
SIDER,fedavg_proto,0.5,2,31,200,16,16,0.1,val,server,0.6755129643285481,27,143
SIDER,fedavg_proto,0.5,2,31,200,16,16,0.1,val,client_0,0.6697278201612552,27,143
SIDER,fedavg_proto,0.5,2,31,200,16,16,0.1,val,client_1,0.6959247740489173,27,143
SIDER,fedavg_proto,0.5,2,31,200,16,16,0.1,val,client_2,0.6578117136249538,27,143
SIDER,fedavg_proto,0.5,2,31,200,16,16,0.1,val,client_3,0.6364324061381784,27,143
SIDER,fedavg_proto,0.5,2,31,200,16,16,0.1,val,clients_mean,0.6649741784933262,27,143
SIDER,fedavg_proto,0.5,2,31,200,16,16,0.1,val,clients_train_weighted_mean,0.6633859109365778,27,143
SIDER,fedavg_proto,0.5,2,31,200,16,16,0.1,val,clients_min,0.6364324061381784,27,143
SIDER,fedavg_proto,0.5,2,31,200,16,16,0.1,test,server,0.6014728915039173,27,143
SIDER,fedavg_proto,0.5,2,31,200,16,16,0.1,test,client_0,0.5986927346309614,27,143
SIDER,fedavg_proto,0.5,2,31,200,16,16,0.1,test,client_1,0.6135369116385028,27,143
SIDER,fedavg_proto,0.5,2,31,200,16,16,0.1,test,client_2,0.5776060220242144,27,143
SIDER,fedavg_proto,0.5,2,31,200,16,16,0.1,test,client_3,0.5665109142504637,27,143
SIDER,fedavg_proto,0.5,2,31,200,16,16,0.1,test,clients_mean,0.5890866456360356,27,143
SIDER,fedavg_proto,0.5,2,31,200,16,16,0.1,test,clients_train_weighted_mean,0.5875383226145354,27,143
SIDER,fedavg_proto,0.5,2,31,200,16,16,0.1,test,clients_min,0.5665109142504637,27,143
SIDER,fedavg_proto,0.5,2,32,200,16,16,0.1,val,server,0.6660215706063988,27,143
SIDER,fedavg_proto,0.5,2,32,200,16,16,0.1,val,client_0,0.6608446332309841,27,143
SIDER,fedavg_proto,0.5,2,32,200,16,16,0.1,val,client_1,0.7005130570451436,27,143
SIDER,fedavg_proto,0.5,2,32,200,16,16,0.1,val,client_2,0.6279233015582366,27,143
SIDER,fedavg_proto,0.5,2,32,200,16,16,0.1,val,client_3,0.6323422771228364,27,143
SIDER,fedavg_proto,0.5,2,32,200,16,16,0.1,val,clients_mean,0.6554058172393002,27,143
SIDER,fedavg_proto,0.5,2,32,200,16,16,0.1,val,clients_train_weighted_mean,0.6540425887749575,27,143
SIDER,fedavg_proto,0.5,2,32,200,16,16,0.1,val,clients_min,0.6279233015582366,27,143
SIDER,fedavg_proto,0.5,2,32,200,16,16,0.1,test,server,0.584225806677897,27,143
SIDER,fedavg_proto,0.5,2,32,200,16,16,0.1,test,client_0,0.5960613467874957,27,143
SIDER,fedavg_proto,0.5,2,32,200,16,16,0.1,test,client_1,0.6109948091169557,27,143
SIDER,fedavg_proto,0.5,2,32,200,16,16,0.1,test,client_2,0.5631590422231657,27,143
SIDER,fedavg_proto,0.5,2,32,200,16,16,0.1,test,client_3,0.5652896855290872,27,143
SIDER,fedavg_proto,0.5,2,32,200,16,16,0.1,test,clients_mean,0.583876220914176,27,143
SIDER,fedavg_proto,0.5,2,32,200,16,16,0.1,test,clients_train_weighted_mean,0.5823878553702899,27,143
SIDER,fedavg_proto,0.5,2,32,200,16,16,0.1,test,clients_min,0.5631590422231657,27,143
SIDER,fedavg_proto,0.5,2,33,200,16,16,0.1,val,server,0.665603230466306,27,143
SIDER,fedavg_proto,0.5,2,33,200,16,16,0.1,val,client_0,0.6537913497691982,27,143
SIDER,fedavg_proto,0.5,2,33,200,16,16,0.1,val,client_1,0.6825109576117172,27,143
SIDER,fedavg_proto,0.5,2,33,200,16,16,0.1,val,client_2,0.6430548383561319,27,143
SIDER,fedavg_proto,0.5,2,33,200,16,16,0.1,val,client_3,0.6151866399598162,27,143
SIDER,fedavg_proto,0.5,2,33,200,16,16,0.1,val,clients_mean,0.6486359464242158,27,143
SIDER,fedavg_proto,0.5,2,33,200,16,16,0.1,val,clients_train_weighted_mean,0.6467953499827246,27,143
SIDER,fedavg_proto,0.5,2,33,200,16,16,0.1,val,clients_min,0.6151866399598162,27,143
SIDER,fedavg_proto,0.5,2,33,200,16,16,0.1,test,server,0.5958344763175645,27,143
SIDER,fedavg_proto,0.5,2,33,200,16,16,0.1,test,client_0,0.5848710227374906,27,143
SIDER,fedavg_proto,0.5,2,33,200,16,16,0.1,test,client_1,0.6152955848163456,27,143
SIDER,fedavg_proto,0.5,2,33,200,16,16,0.1,test,client_2,0.5716240531470528,27,143
SIDER,fedavg_proto,0.5,2,33,200,16,16,0.1,test,client_3,0.5568091315062736,27,143
SIDER,fedavg_proto,0.5,2,33,200,16,16,0.1,test,clients_mean,0.5821499480517907,27,143
SIDER,fedavg_proto,0.5,2,33,200,16,16,0.1,test,clients_train_weighted_mean,0.5808147111100354,27,143
SIDER,fedavg_proto,0.5,2,33,200,16,16,0.1,test,clients_min,0.5568091315062736,27,143
SIDER,fedavg_proto,0.5,2,34,200,16,16,0.1,val,server,0.6720992570304452,27,143
SIDER,fedavg_proto,0.5,2,34,200,16,16,0.1,val,client_0,0.6650403926102106,27,143
SIDER,fedavg_proto,0.5,2,34,200,16,16,0.1,val,client_1,0.6913551371006526,27,143
SIDER,fedavg_proto,0.5,2,34,200,16,16,0.1,val,client_2,0.6406300515213285,27,143
SIDER,fedavg_proto,0.5,2,34,200,16,16,0.1,val,client_3,0.6319195502957475,27,143
SIDER,fedavg_proto,0.5,2,34,200,16,16,0.1,val,clients_mean,0.6572362828819848,27,143
SIDER,fedavg_proto,0.5,2,34,200,16,16,0.1,val,clients_train_weighted_mean,0.6556482567521289,27,143
SIDER,fedavg_proto,0.5,2,34,200,16,16,0.1,val,clients_min,0.6319195502957475,27,143
SIDER,fedavg_proto,0.5,2,34,200,16,16,0.1,test,server,0.6002682644764277,27,143
SIDER,fedavg_proto,0.5,2,34,200,16,16,0.1,test,client_0,0.6036529841076252,27,143
SIDER,fedavg_proto,0.5,2,34,200,16,16,0.1,test,client_1,0.6138204536659398,27,143
SIDER,fedavg_proto,0.5,2,34,200,16,16,0.1,test,client_2,0.582421507193908,27,143
SIDER,fedavg_proto,0.5,2,34,200,16,16,0.1,test,client_3,0.5576047774487837,27,143
SIDER,fedavg_proto,0.5,2,34,200,16,16,0.1,test,clients_mean,0.5893749306040641,27,143
SIDER,fedavg_proto,0.5,2,34,200,16,16,0.1,test,clients_train_weighted_mean,0.5871580705514015,27,143
SIDER,fedavg_proto,0.5,2,34,200,16,16,0.1,test,clients_min,0.5576047774487837,27,143
SIDER,fedavg_proto,0.5,2,35,200,16,16,0.1,val,server,0.662813360882904,27,143
SIDER,fedavg_proto,0.5,2,35,200,16,16,0.1,val,client_0,0.6609396247348097,27,143
SIDER,fedavg_proto,0.5,2,35,200,16,16,0.1,val,client_1,0.6911591048688591,27,143
SIDER,fedavg_proto,0.5,2,35,200,16,16,0.1,val,client_2,0.6591631859589545,27,143
SIDER,fedavg_proto,0.5,2,35,200,16,16,0.1,val,client_3,0.6130588592356079,27,143
SIDER,fedavg_proto,0.5,2,35,200,16,16,0.1,val,clients_mean,0.6560801936995577,27,143
SIDER,fedavg_proto,0.5,2,35,200,16,16,0.1,val,clients_train_weighted_mean,0.6538013684321935,27,143
SIDER,fedavg_proto,0.5,2,35,200,16,16,0.1,val,clients_min,0.6130588592356079,27,143
SIDER,fedavg_proto,0.5,2,35,200,16,16,0.1,test,server,0.5944691938100323,27,143
SIDER,fedavg_proto,0.5,2,35,200,16,16,0.1,test,client_0,0.6056783071629867,27,143
SIDER,fedavg_proto,0.5,2,35,200,16,16,0.1,test,client_1,0.6090432445271963,27,143
SIDER,fedavg_proto,0.5,2,35,200,16,16,0.1,test,client_2,0.5686578415378035,27,143
SIDER,fedavg_proto,0.5,2,35,200,16,16,0.1,test,client_3,0.5630897420290447,27,143
SIDER,fedavg_proto,0.5,2,35,200,16,16,0.1,test,clients_mean,0.5866172838142577,27,143
SIDER,fedavg_proto,0.5,2,35,200,16,16,0.1,test,clients_train_weighted_mean,0.5845515821602008,27,143
SIDER,fedavg_proto,0.5,2,35,200,16,16,0.1,test,clients_min,0.5630897420290447,27,143
SIDER,fedavg_proto,0.5,2,36,200,16,16,0.1,val,server,0.6715976293390885,27,143
SIDER,fedavg_proto,0.5,2,36,200,16,16,0.1,val,client_0,0.6574880799855307,27,143
SIDER,fedavg_proto,0.5,2,36,200,16,16,0.1,val,client_1,0.6904340866084565,27,143
SIDER,fedavg_proto,0.5,2,36,200,16,16,0.1,val,client_2,0.6594006720862472,27,143
SIDER,fedavg_proto,0.5,2,36,200,16,16,0.1,val,client_3,0.6596398578446376,27,143
SIDER,fedavg_proto,0.5,2,36,200,16,16,0.1,val,clients_mean,0.6667406741312181,27,143
SIDER,fedavg_proto,0.5,2,36,200,16,16,0.1,val,clients_train_weighted_mean,0.6668668387121373,27,143
SIDER,fedavg_proto,0.5,2,36,200,16,16,0.1,val,clients_min,0.6574880799855307,27,143
SIDER,fedavg_proto,0.5,2,36,200,16,16,0.1,test,server,0.5933881252216601,27,143
SIDER,fedavg_proto,0.5,2,36,200,16,16,0.1,test,client_0,0.5952303248338963,27,143
SIDER,fedavg_proto,0.5,2,36,200,16,16,0.1,test,client_1,0.6073124633251767,27,143
SIDER,fedavg_proto,0.5,2,36,200,16,16,0.1,test,client_2,0.5822441767321551,27,143
SIDER,fedavg_proto,0.5,2,36,200,16,16,0.1,test,client_3,0.5580322376430664,27,143
SIDER,fedavg_proto,0.5,2,36,200,16,16,0.1,test,clients_mean,0.5857048006335737,27,143
SIDER,fedavg_proto,0.5,2,36,200,16,16,0.1,test,clients_train_weighted_mean,0.5839192850499577,27,143
SIDER,fedavg_proto,0.5,2,36,200,16,16,0.1,test,clients_min,0.5580322376430664,27,143
SIDER,fedavg_proto,0.5,2,37,200,16,16,0.1,val,server,0.6654455797995668,27,143
SIDER,fedavg_proto,0.5,2,37,200,16,16,0.1,val,client_0,0.6493417446364386,27,143
SIDER,fedavg_proto,0.5,2,37,200,16,16,0.1,val,client_1,0.6860326856646951,27,143
SIDER,fedavg_proto,0.5,2,37,200,16,16,0.1,val,client_2,0.673907639404119,27,143
SIDER,fedavg_proto,0.5,2,37,200,16,16,0.1,val,client_3,0.6461376095541156,27,143
SIDER,fedavg_proto,0.5,2,37,200,16,16,0.1,val,clients_mean,0.6638549198148421,27,143
SIDER,fedavg_proto,0.5,2,37,200,16,16,0.1,val,clients_train_weighted_mean,0.6637414371076464,27,143
SIDER,fedavg_proto,0.5,2,37,200,16,16,0.1,val,clients_min,0.6461376095541156,27,143
SIDER,fedavg_proto,0.5,2,37,200,16,16,0.1,test,server,0.5947684657239648,27,143
SIDER,fedavg_proto,0.5,2,37,200,16,16,0.1,test,client_0,0.5705735372987994,27,143
SIDER,fedavg_proto,0.5,2,37,200,16,16,0.1,test,client_1,0.6043025040548564,27,143
SIDER,fedavg_proto,0.5,2,37,200,16,16,0.1,test,client_2,0.5821508925368089,27,143
SIDER,fedavg_proto,0.5,2,37,200,16,16,0.1,test,client_3,0.5655781376787397,27,143
SIDER,fedavg_proto,0.5,2,37,200,16,16,0.1,test,clients_mean,0.580651267892301,27,143
SIDER,fedavg_proto,0.5,2,37,200,16,16,0.1,test,clients_train_weighted_mean,0.5804413481835344,27,143
SIDER,fedavg_proto,0.5,2,37,200,16,16,0.1,test,clients_min,0.5655781376787397,27,143
SIDER,fedavg_proto,0.5,2,38,200,16,16,0.1,val,server,0.6620147451673506,27,143
SIDER,fedavg_proto,0.5,2,38,200,16,16,0.1,val,client_0,0.656379207378333,27,143
SIDER,fedavg_proto,0.5,2,38,200,16,16,0.1,val,client_1,0.6891527259561506,27,143
SIDER,fedavg_proto,0.5,2,38,200,16,16,0.1,val,client_2,0.6548303347982224,27,143
SIDER,fedavg_proto,0.5,2,38,200,16,16,0.1,val,client_3,0.6240133647144028,27,143
SIDER,fedavg_proto,0.5,2,38,200,16,16,0.1,val,clients_mean,0.6560939082117773,27,143
SIDER,fedavg_proto,0.5,2,38,200,16,16,0.1,val,clients_train_weighted_mean,0.6545613828819333,27,143
SIDER,fedavg_proto,0.5,2,38,200,16,16,0.1,val,clients_min,0.6240133647144028,27,143
SIDER,fedavg_proto,0.5,2,38,200,16,16,0.1,test,server,0.5970281153921371,27,143
SIDER,fedavg_proto,0.5,2,38,200,16,16,0.1,test,client_0,0.5961836661450712,27,143
SIDER,fedavg_proto,0.5,2,38,200,16,16,0.1,test,client_1,0.6057615272490734,27,143
SIDER,fedavg_proto,0.5,2,38,200,16,16,0.1,test,client_2,0.5783153936350407,27,143
SIDER,fedavg_proto,0.5,2,38,200,16,16,0.1,test,client_3,0.5667016267415518,27,143
SIDER,fedavg_proto,0.5,2,38,200,16,16,0.1,test,clients_mean,0.5867405534426843,27,143
SIDER,fedavg_proto,0.5,2,38,200,16,16,0.1,test,clients_train_weighted_mean,0.5853204312113984,27,143
SIDER,fedavg_proto,0.5,2,38,200,16,16,0.1,test,clients_min,0.5667016267415518,27,143
SIDER,fedavg_proto,0.5,2,39,200,16,16,0.1,val,server,0.6537570696752409,27,143
SIDER,fedavg_proto,0.5,2,39,200,16,16,0.1,val,client_0,0.6613056719889849,27,143
SIDER,fedavg_proto,0.5,2,39,200,16,16,0.1,val,client_1,0.6873252215514954,27,143
SIDER,fedavg_proto,0.5,2,39,200,16,16,0.1,val,client_2,0.6149249703497441,27,143
SIDER,fedavg_proto,0.5,2,39,200,16,16,0.1,val,client_3,0.6248682538207088,27,143
SIDER,fedavg_proto,0.5,2,39,200,16,16,0.1,val,clients_mean,0.6471060294277333,27,143
SIDER,fedavg_proto,0.5,2,39,200,16,16,0.1,val,clients_train_weighted_mean,0.6453442244244287,27,143
SIDER,fedavg_proto,0.5,2,39,200,16,16,0.1,val,clients_min,0.6149249703497441,27,143
SIDER,fedavg_proto,0.5,2,39,200,16,16,0.1,test,server,0.58211568825294,27,143
SIDER,fedavg_proto,0.5,2,39,200,16,16,0.1,test,client_0,0.5923388933306285,27,143
SIDER,fedavg_proto,0.5,2,39,200,16,16,0.1,test,client_1,0.5982501422014482,27,143
SIDER,fedavg_proto,0.5,2,39,200,16,16,0.1,test,client_2,0.5714760336952004,27,143
SIDER,fedavg_proto,0.5,2,39,200,16,16,0.1,test,client_3,0.5544028908319907,27,143
SIDER,fedavg_proto,0.5,2,39,200,16,16,0.1,test,clients_mean,0.579116990014817,27,143
SIDER,fedavg_proto,0.5,2,39,200,16,16,0.1,test,clients_train_weighted_mean,0.5772868323944192,27,143
SIDER,fedavg_proto,0.5,2,39,200,16,16,0.1,test,clients_min,0.5544028908319907,27,143
SIDER,fedavg_proto,0.5,2,40,200,16,16,0.1,val,server,0.6586082238558746,27,143
SIDER,fedavg_proto,0.5,2,40,200,16,16,0.1,val,client_0,0.664281310510861,27,143
SIDER,fedavg_proto,0.5,2,40,200,16,16,0.1,val,client_1,0.6822259396652615,27,143
SIDER,fedavg_proto,0.5,2,40,200,16,16,0.1,val,client_2,0.6365997438494461,27,143
SIDER,fedavg_proto,0.5,2,40,200,16,16,0.1,val,client_3,0.646060745679233,27,143
SIDER,fedavg_proto,0.5,2,40,200,16,16,0.1,val,clients_mean,0.6572919349262003,27,143
SIDER,fedavg_proto,0.5,2,40,200,16,16,0.1,val,clients_train_weighted_mean,0.6564112349895993,27,143
SIDER,fedavg_proto,0.5,2,40,200,16,16,0.1,val,clients_min,0.6365997438494461,27,143
SIDER,fedavg_proto,0.5,2,40,200,16,16,0.1,test,server,0.5893160652330708,27,143
SIDER,fedavg_proto,0.5,2,40,200,16,16,0.1,test,client_0,0.5900212316185287,27,143
SIDER,fedavg_proto,0.5,2,40,200,16,16,0.1,test,client_1,0.5912596957673236,27,143
SIDER,fedavg_proto,0.5,2,40,200,16,16,0.1,test,client_2,0.5724892352221813,27,143
SIDER,fedavg_proto,0.5,2,40,200,16,16,0.1,test,client_3,0.5611447701407015,27,143
SIDER,fedavg_proto,0.5,2,40,200,16,16,0.1,test,clients_mean,0.5787287331871838,27,143
SIDER,fedavg_proto,0.5,2,40,200,16,16,0.1,test,clients_train_weighted_mean,0.577332408546433,27,143
SIDER,fedavg_proto,0.5,2,40,200,16,16,0.1,test,clients_min,0.5611447701407015,27,143
SIDER,fedavg_proto,0.5,2,41,200,16,16,0.1,val,server,0.6620981132212551,27,143
SIDER,fedavg_proto,0.5,2,41,200,16,16,0.1,val,client_0,0.6277332060601691,27,143
SIDER,fedavg_proto,0.5,2,41,200,16,16,0.1,val,client_1,0.6806526916750892,27,143
SIDER,fedavg_proto,0.5,2,41,200,16,16,0.1,val,client_2,0.6483611913408095,27,143
SIDER,fedavg_proto,0.5,2,41,200,16,16,0.1,val,client_3,0.6709052171962863,27,143
SIDER,fedavg_proto,0.5,2,41,200,16,16,0.1,val,clients_mean,0.6569130765680885,27,143
SIDER,fedavg_proto,0.5,2,41,200,16,16,0.1,val,clients_train_weighted_mean,0.6590329961236312,27,143
SIDER,fedavg_proto,0.5,2,41,200,16,16,0.1,val,clients_min,0.6277332060601691,27,143
SIDER,fedavg_proto,0.5,2,41,200,16,16,0.1,test,server,0.592527399913927,27,143
SIDER,fedavg_proto,0.5,2,41,200,16,16,0.1,test,client_0,0.5764654117215577,27,143
SIDER,fedavg_proto,0.5,2,41,200,16,16,0.1,test,client_1,0.5933927441547167,27,143
SIDER,fedavg_proto,0.5,2,41,200,16,16,0.1,test,client_2,0.5810263530597511,27,143
SIDER,fedavg_proto,0.5,2,41,200,16,16,0.1,test,client_3,0.5634379651209555,27,143
SIDER,fedavg_proto,0.5,2,41,200,16,16,0.1,test,clients_mean,0.5785806185142452,27,143
SIDER,fedavg_proto,0.5,2,41,200,16,16,0.1,test,clients_train_weighted_mean,0.577969631225854,27,143
SIDER,fedavg_proto,0.5,2,41,200,16,16,0.1,test,clients_min,0.5634379651209555,27,143
SIDER,fedavg_proto,0.5,2,42,200,16,16,0.1,val,server,0.6645540315041585,27,143
SIDER,fedavg_proto,0.5,2,42,200,16,16,0.1,val,client_0,0.6570076488923594,27,143
SIDER,fedavg_proto,0.5,2,42,200,16,16,0.1,val,client_1,0.6953148984709187,27,143
SIDER,fedavg_proto,0.5,2,42,200,16,16,0.1,val,client_2,0.6150308731048755,27,143
SIDER,fedavg_proto,0.5,2,42,200,16,16,0.1,val,client_3,0.6548007817872638,27,143
SIDER,fedavg_proto,0.5,2,42,200,16,16,0.1,val,clients_mean,0.6555385505638543,27,143
SIDER,fedavg_proto,0.5,2,42,200,16,16,0.1,val,clients_train_weighted_mean,0.655430243711391,27,143
SIDER,fedavg_proto,0.5,2,42,200,16,16,0.1,val,clients_min,0.6150308731048755,27,143
SIDER,fedavg_proto,0.5,2,42,200,16,16,0.1,test,server,0.5935681700602408,27,143
SIDER,fedavg_proto,0.5,2,42,200,16,16,0.1,test,client_0,0.602695933164883,27,143
SIDER,fedavg_proto,0.5,2,42,200,16,16,0.1,test,client_1,0.6011124236773187,27,143
SIDER,fedavg_proto,0.5,2,42,200,16,16,0.1,test,client_2,0.5678807272333969,27,143
SIDER,fedavg_proto,0.5,2,42,200,16,16,0.1,test,client_3,0.5769716599456951,27,143
SIDER,fedavg_proto,0.5,2,42,200,16,16,0.1,test,clients_mean,0.5871651860053233,27,143
SIDER,fedavg_proto,0.5,2,42,200,16,16,0.1,test,clients_train_weighted_mean,0.5859069011715681,27,143
SIDER,fedavg_proto,0.5,2,42,200,16,16,0.1,test,clients_min,0.5678807272333969,27,143
SIDER,fedavg_proto,0.5,2,43,200,16,16,0.1,val,server,0.6528483263718942,27,143
SIDER,fedavg_proto,0.5,2,43,200,16,16,0.1,val,client_0,0.6560511448146471,27,143
SIDER,fedavg_proto,0.5,2,43,200,16,16,0.1,val,client_1,0.6784362989512528,27,143
SIDER,fedavg_proto,0.5,2,43,200,16,16,0.1,val,client_2,0.6528714169900804,27,143
SIDER,fedavg_proto,0.5,2,43,200,16,16,0.1,val,client_3,0.6300631985188728,27,143
SIDER,fedavg_proto,0.5,2,43,200,16,16,0.1,val,clients_mean,0.6543555148187132,27,143
SIDER,fedavg_proto,0.5,2,43,200,16,16,0.1,val,clients_train_weighted_mean,0.6531211274480213,27,143
SIDER,fedavg_proto,0.5,2,43,200,16,16,0.1,val,clients_min,0.6300631985188728,27,143
SIDER,fedavg_proto,0.5,2,43,200,16,16,0.1,test,server,0.5838946806907216,27,143
SIDER,fedavg_proto,0.5,2,43,200,16,16,0.1,test,client_0,0.5897861330780062,27,143
SIDER,fedavg_proto,0.5,2,43,200,16,16,0.1,test,client_1,0.5957250802907105,27,143
SIDER,fedavg_proto,0.5,2,43,200,16,16,0.1,test,client_2,0.571540854466767,27,143
SIDER,fedavg_proto,0.5,2,43,200,16,16,0.1,test,client_3,0.5600311021645561,27,143
SIDER,fedavg_proto,0.5,2,43,200,16,16,0.1,test,clients_mean,0.57927079250001,27,143
SIDER,fedavg_proto,0.5,2,43,200,16,16,0.1,test,clients_train_weighted_mean,0.5778349312457941,27,143
SIDER,fedavg_proto,0.5,2,43,200,16,16,0.1,test,clients_min,0.5600311021645561,27,143
SIDER,fedavg_proto,0.5,2,44,200,16,16,0.1,val,server,0.6597788715450332,27,143
SIDER,fedavg_proto,0.5,2,44,200,16,16,0.1,val,client_0,0.6604679606454289,27,143
SIDER,fedavg_proto,0.5,2,44,200,16,16,0.1,val,client_1,0.6794804395448986,27,143
SIDER,fedavg_proto,0.5,2,44,200,16,16,0.1,val,client_2,0.643882230909027,27,143
SIDER,fedavg_proto,0.5,2,44,200,16,16,0.1,val,client_3,0.675829265500192,27,143
SIDER,fedavg_proto,0.5,2,44,200,16,16,0.1,val,clients_mean,0.6649149741498865,27,143
SIDER,fedavg_proto,0.5,2,44,200,16,16,0.1,val,clients_train_weighted_mean,0.6656536695948214,27,143
SIDER,fedavg_proto,0.5,2,44,200,16,16,0.1,val,clients_min,0.643882230909027,27,143
SIDER,fedavg_proto,0.5,2,44,200,16,16,0.1,test,server,0.5859580009194318,27,143
SIDER,fedavg_proto,0.5,2,44,200,16,16,0.1,test,client_0,0.5948480598637418,27,143
SIDER,fedavg_proto,0.5,2,44,200,16,16,0.1,test,client_1,0.5937281553817756,27,143
SIDER,fedavg_proto,0.5,2,44,200,16,16,0.1,test,client_2,0.5654152876283197,27,143
SIDER,fedavg_proto,0.5,2,44,200,16,16,0.1,test,client_3,0.5515570899078494,27,143
SIDER,fedavg_proto,0.5,2,44,200,16,16,0.1,test,clients_mean,0.5763871481954216,27,143
SIDER,fedavg_proto,0.5,2,44,200,16,16,0.1,test,clients_train_weighted_mean,0.5742897817514048,27,143
SIDER,fedavg_proto,0.5,2,44,200,16,16,0.1,test,clients_min,0.5515570899078494,27,143
SIDER,fedavg_proto,0.5,2,45,200,16,16,0.1,val,server,0.6571655677394207,27,143
SIDER,fedavg_proto,0.5,2,45,200,16,16,0.1,val,client_0,0.6436977016078743,27,143
SIDER,fedavg_proto,0.5,2,45,200,16,16,0.1,val,client_1,0.6916980907505269,27,143
SIDER,fedavg_proto,0.5,2,45,200,16,16,0.1,val,client_2,0.6599646385064316,27,143
SIDER,fedavg_proto,0.5,2,45,200,16,16,0.1,val,client_3,0.6466989746164458,27,143
SIDER,fedavg_proto,0.5,2,45,200,16,16,0.1,val,clients_mean,0.6605148513703196,27,143
SIDER,fedavg_proto,0.5,2,45,200,16,16,0.1,val,clients_train_weighted_mean,0.6607011092070858,27,143
SIDER,fedavg_proto,0.5,2,45,200,16,16,0.1,val,clients_min,0.6436977016078743,27,143
SIDER,fedavg_proto,0.5,2,45,200,16,16,0.1,test,server,0.5858058606926874,27,143
SIDER,fedavg_proto,0.5,2,45,200,16,16,0.1,test,client_0,0.5843381980068537,27,143
SIDER,fedavg_proto,0.5,2,45,200,16,16,0.1,test,client_1,0.5954297526874827,27,143
SIDER,fedavg_proto,0.5,2,45,200,16,16,0.1,test,client_2,0.5749508187207036,27,143
SIDER,fedavg_proto,0.5,2,45,200,16,16,0.1,test,client_3,0.5700844556944291,27,143
SIDER,fedavg_proto,0.5,2,45,200,16,16,0.1,test,clients_mean,0.5812008062773673,27,143
SIDER,fedavg_proto,0.5,2,45,200,16,16,0.1,test,clients_train_weighted_mean,0.5805179716936167,27,143
SIDER,fedavg_proto,0.5,2,45,200,16,16,0.1,test,clients_min,0.5700844556944291,27,143
SIDER,fedavg_proto,0.5,2,46,200,16,16,0.1,val,server,0.6521700529927628,27,143
SIDER,fedavg_proto,0.5,2,46,200,16,16,0.1,val,client_0,0.6145513626331467,27,143
SIDER,fedavg_proto,0.5,2,46,200,16,16,0.1,val,client_1,0.6823689558835121,27,143
SIDER,fedavg_proto,0.5,2,46,200,16,16,0.1,val,client_2,0.6441538112066686,27,143
SIDER,fedavg_proto,0.5,2,46,200,16,16,0.1,val,client_3,0.6658860762931929,27,143
SIDER,fedavg_proto,0.5,2,46,200,16,16,0.1,val,clients_mean,0.6517400515041301,27,143
SIDER,fedavg_proto,0.5,2,46,200,16,16,0.1,val,clients_train_weighted_mean,0.6542673438829693,27,143
SIDER,fedavg_proto,0.5,2,46,200,16,16,0.1,val,clients_min,0.6145513626331467,27,143
SIDER,fedavg_proto,0.5,2,46,200,16,16,0.1,test,server,0.5851283729948396,27,143
SIDER,fedavg_proto,0.5,2,46,200,16,16,0.1,test,client_0,0.573286794886735,27,143
SIDER,fedavg_proto,0.5,2,46,200,16,16,0.1,test,client_1,0.5924235009428772,27,143
SIDER,fedavg_proto,0.5,2,46,200,16,16,0.1,test,client_2,0.5734033480008314,27,143
SIDER,fedavg_proto,0.5,2,46,200,16,16,0.1,test,client_3,0.5616262113185805,27,143
SIDER,fedavg_proto,0.5,2,46,200,16,16,0.1,test,clients_mean,0.575184963787256,27,143
SIDER,fedavg_proto,0.5,2,46,200,16,16,0.1,test,clients_train_weighted_mean,0.5746380952456445,27,143
SIDER,fedavg_proto,0.5,2,46,200,16,16,0.1,test,clients_min,0.5616262113185805,27,143
SIDER,fedavg_proto,0.5,2,47,200,16,16,0.1,val,server,0.6451552497226251,27,143
SIDER,fedavg_proto,0.5,2,47,200,16,16,0.1,val,client_0,0.6392744779010128,27,143
SIDER,fedavg_proto,0.5,2,47,200,16,16,0.1,val,client_1,0.6707940112613134,27,143
SIDER,fedavg_proto,0.5,2,47,200,16,16,0.1,val,client_2,0.6399574955392047,27,143
SIDER,fedavg_proto,0.5,2,47,200,16,16,0.1,val,client_3,0.6345826079270135,27,143
SIDER,fedavg_proto,0.5,2,47,200,16,16,0.1,val,clients_mean,0.6461521481571361,27,143
SIDER,fedavg_proto,0.5,2,47,200,16,16,0.1,val,clients_train_weighted_mean,0.6459481797366036,27,143
SIDER,fedavg_proto,0.5,2,47,200,16,16,0.1,val,clients_min,0.6345826079270135,27,143
SIDER,fedavg_proto,0.5,2,47,200,16,16,0.1,test,server,0.5747778919013617,27,143
SIDER,fedavg_proto,0.5,2,47,200,16,16,0.1,test,client_0,0.5754952774386816,27,143
SIDER,fedavg_proto,0.5,2,47,200,16,16,0.1,test,client_1,0.5863051667844764,27,143
SIDER,fedavg_proto,0.5,2,47,200,16,16,0.1,test,client_2,0.5770578895408425,27,143
SIDER,fedavg_proto,0.5,2,47,200,16,16,0.1,test,client_3,0.5688987007064524,27,143
SIDER,fedavg_proto,0.5,2,47,200,16,16,0.1,test,clients_mean,0.5769392586176132,27,143
SIDER,fedavg_proto,0.5,2,47,200,16,16,0.1,test,clients_train_weighted_mean,0.5766308596693192,27,143
SIDER,fedavg_proto,0.5,2,47,200,16,16,0.1,test,clients_min,0.5688987007064524,27,143
SIDER,fedavg_proto,0.5,2,48,200,16,16,0.1,val,server,0.6461889495979911,27,143
SIDER,fedavg_proto,0.5,2,48,200,16,16,0.1,val,client_0,0.6405203774563715,27,143
SIDER,fedavg_proto,0.5,2,48,200,16,16,0.1,val,client_1,0.6638117154201701,27,143
SIDER,fedavg_proto,0.5,2,48,200,16,16,0.1,val,client_2,0.6498435742526707,27,143
SIDER,fedavg_proto,0.5,2,48,200,16,16,0.1,val,client_3,0.6164663472423977,27,143
SIDER,fedavg_proto,0.5,2,48,200,16,16,0.1,val,clients_mean,0.6426605035929025,27,143
SIDER,fedavg_proto,0.5,2,48,200,16,16,0.1,val,clients_train_weighted_mean,0.6415277277356326,27,143
SIDER,fedavg_proto,0.5,2,48,200,16,16,0.1,val,clients_min,0.6164663472423977,27,143
SIDER,fedavg_proto,0.5,2,48,200,16,16,0.1,test,server,0.5720521752922971,27,143
SIDER,fedavg_proto,0.5,2,48,200,16,16,0.1,test,client_0,0.6091484327156761,27,143
SIDER,fedavg_proto,0.5,2,48,200,16,16,0.1,test,client_1,0.5809444838392681,27,143
SIDER,fedavg_proto,0.5,2,48,200,16,16,0.1,test,client_2,0.5573139579558974,27,143
SIDER,fedavg_proto,0.5,2,48,200,16,16,0.1,test,client_3,0.5568089782369694,27,143
SIDER,fedavg_proto,0.5,2,48,200,16,16,0.1,test,clients_mean,0.5760539631869528,27,143
SIDER,fedavg_proto,0.5,2,48,200,16,16,0.1,test,clients_train_weighted_mean,0.5734898843522145,27,143
SIDER,fedavg_proto,0.5,2,48,200,16,16,0.1,test,clients_min,0.5568089782369694,27,143
SIDER,fedavg_proto,0.5,2,49,200,16,16,0.1,val,server,0.6452619729129848,27,143
SIDER,fedavg_proto,0.5,2,49,200,16,16,0.1,val,client_0,0.6442623211420151,27,143
SIDER,fedavg_proto,0.5,2,49,200,16,16,0.1,val,client_1,0.6701308518456551,27,143
SIDER,fedavg_proto,0.5,2,49,200,16,16,0.1,val,client_2,0.6206042979692535,27,143
SIDER,fedavg_proto,0.5,2,49,200,16,16,0.1,val,client_3,0.6489341488154311,27,143
SIDER,fedavg_proto,0.5,2,49,200,16,16,0.1,val,clients_mean,0.6459829049430887,27,143
SIDER,fedavg_proto,0.5,2,49,200,16,16,0.1,val,clients_train_weighted_mean,0.6462085319770657,27,143
SIDER,fedavg_proto,0.5,2,49,200,16,16,0.1,val,clients_min,0.6206042979692535,27,143
SIDER,fedavg_proto,0.5,2,49,200,16,16,0.1,test,server,0.5786644553641502,27,143
SIDER,fedavg_proto,0.5,2,49,200,16,16,0.1,test,client_0,0.595557855278063,27,143
SIDER,fedavg_proto,0.5,2,49,200,16,16,0.1,test,client_1,0.5922730176257928,27,143
SIDER,fedavg_proto,0.5,2,49,200,16,16,0.1,test,client_2,0.5615837583546116,27,143
SIDER,fedavg_proto,0.5,2,49,200,16,16,0.1,test,client_3,0.5578560321564172,27,143
SIDER,fedavg_proto,0.5,2,49,200,16,16,0.1,test,clients_mean,0.5768176658537212,27,143
SIDER,fedavg_proto,0.5,2,49,200,16,16,0.1,test,clients_train_weighted_mean,0.5749840821404504,27,143
SIDER,fedavg_proto,0.5,2,49,200,16,16,0.1,test,clients_min,0.5578560321564172,27,143
