time,method,dataset,round,scope,client_idx,metric,val,test,best_val,best_test,local_metric,global_metric,client_indexes,model_seed,split_seed,partition_seed,partition_method,encoder,descriptor,lambda_proto,local_clusters,global_clusters
2026-09-01T12:25:26,avg,freesolv,0,global,,rmse,3.2662158012390137,3.651301145553589,3.2662158012390137,3.651301145553589,,,,2,2,2,hetero,mpnn,,,,
2026-09-01T12:26:06,avg,freesolv,1,global,,rmse,2.3797311782836914,2.8976709842681885,2.3797311782836914,2.8976709842681885,,,,2,2,2,hetero,mpnn,,,,
2026-09-01T12:26:46,avg,freesolv,2,global,,rmse,2.3456830978393555,2.8129477500915527,2.3456830978393555,2.8129477500915527,,,,2,2,2,hetero,mpnn,,,,
2026-09-01T12:27:26,avg,freesolv,3,global,,rmse,1.700432538986206,2.1791162490844727,1.700432538986206,2.1791162490844727,,,,2,2,2,hetero,mpnn,,,,
2026-09-01T12:28:06,avg,freesolv,4,global,,rmse,1.4307372570037842,1.903822660446167,1.4307372570037842,1.903822660446167,,,,2,2,2,hetero,mpnn,,,,
2026-09-01T12:28:46,avg,freesolv,5,global,,rmse,1.3814966678619385,1.9885921478271484,1.3814966678619385,1.9885921478271484,,,,2,2,2,hetero,mpnn,,,,
2026-09-01T12:29:28,avg,freesolv,6,global,,rmse,1.3181519508361816,2.006027936935425,1.3181519508361816,2.006027936935425,,,,2,2,2,hetero,mpnn,,,,
2026-09-01T12:30:09,avg,freesolv,7,global,,rmse,1.2556462287902832,1.9945924282073975,1.2556462287902832,1.9945924282073975,,,,2,2,2,hetero,mpnn,,,,
2026-09-01T12:30:50,avg,freesolv,8,global,,rmse,1.2295702695846558,1.9545255899429321,1.2295702695846558,1.9545255899429321,,,,2,2,2,hetero,mpnn,,,,
2026-09-01T12:31:30,avg,freesolv,9,global,,rmse,1.1648041009902954,1.8861329555511475,1.1648041009902954,1.8861329555511475,,,,2,2,2,hetero,mpnn,,,,
2026-09-01T12:32:11,avg,freesolv,10,global,,rmse,1.1452165842056274,1.8481130599975586,1.1452165842056274,1.8481130599975586,,,,2,2,2,hetero,mpnn,,,,
2026-09-01T12:32:53,avg,freesolv,11,global,,rmse,1.13657808303833,1.84402596950531,1.13657808303833,1.84402596950531,,,,2,2,2,hetero,mpnn,,,,
2026-09-01T12:33:34,avg,freesolv,12,global,,rmse,1.1787136793136597,1.8034878969192505,1.13657808303833,1.84402596950531,,,,2,2,2,hetero,mpnn,,,,
2026-09-01T12:34:15,avg,freesolv,13,global,,rmse,1.120147943496704,1.783326506614685,1.120147943496704,1.783326506614685,,,,2,2,2,hetero,mpnn,,,,
2026-09-01T12:34:57,avg,freesolv,14,global,,rmse,1.140128493309021,1.7508517503738403,1.120147943496704,1.783326506614685,,,,2,2,2,hetero,mpnn,,,,
2026-09-01T12:35:38,avg,freesolv,15,global,,rmse,1.1032369136810303,1.7487937211990356,1.1032369136810303,1.7487937211990356,,,,2,2,2,hetero,mpnn,,,,
2026-09-01T12:36:19,avg,freesolv,16,global,,rmse,1.0970392227172852,1.7420870065689087,1.0970392227172852,1.7420870065689087,,,,2,2,2,hetero,mpnn,,,,
2026-09-01T12:36:59,avg,freesolv,17,global,,rmse,1.103659749031067,1.7010128498077393,1.0970392227172852,1.7420870065689087,,,,2,2,2,hetero,mpnn,,,,
2026-09-01T12:37:40,avg,freesolv,18,global,,rmse,1.0605562925338745,1.711423397064209,1.0605562925338745,1.711423397064209,,,,2,2,2,hetero,mpnn,,,,
2026-09-01T12:38:21,avg,freesolv,19,global,,rmse,1.0903147459030151,1.7029719352722168,1.0605562925338745,1.711423397064209,,,,2,2,2,hetero,mpnn,,,,
2026-09-01T12:39:01,avg,freesolv,20,global,,rmse,1.0867971181869507,1.7107042074203491,1.0605562925338745,1.711423397064209,,,,2,2,2,hetero,mpnn,,,,
2026-09-01T12:39:42,avg,freesolv,21,global,,rmse,1.0705279111862183,1.6497489213943481,1.0605562925338745,1.711423397064209,,,,2,2,2,hetero,mpnn,,,,
2026-09-01T12:40:23,avg,freesolv,22,global,,rmse,1.0784554481506348,1.6324501037597656,1.0605562925338745,1.711423397064209,,,,2,2,2,hetero,mpnn,,,,
2026-09-01T12:41:03,avg,freesolv,23,global,,rmse,1.0846874713897705,1.6345460414886475,1.0605562925338745,1.711423397064209,,,,2,2,2,hetero,mpnn,,,,
2026-09-01T12:41:43,avg,freesolv,24,global,,rmse,1.0641621351242065,1.5941611528396606,1.0605562925338745,1.711423397064209,,,,2,2,2,hetero,mpnn,,,,
2026-09-01T12:42:25,avg,freesolv,25,global,,rmse,1.132428765296936,1.6213346719741821,1.0605562925338745,1.711423397064209,,,,2,2,2,hetero,mpnn,,,,
2026-09-01T12:43:06,avg,freesolv,26,global,,rmse,1.1214781999588013,1.603385329246521,1.0605562925338745,1.711423397064209,,,,2,2,2,hetero,mpnn,,,,
2026-09-01T12:43:47,avg,freesolv,27,global,,rmse,1.0925084352493286,1.5964348316192627,1.0605562925338745,1.711423397064209,,,,2,2,2,hetero,mpnn,,,,
2026-09-01T12:44:28,avg,freesolv,28,global,,rmse,1.0497630834579468,1.573452115058899,1.0497630834579468,1.573452115058899,,,,2,2,2,hetero,mpnn,,,,
2026-09-01T12:45:09,avg,freesolv,29,global,,rmse,1.0743882656097412,1.5674779415130615,1.0497630834579468,1.573452115058899,,,,2,2,2,hetero,mpnn,,,,
2026-09-01T12:45:49,avg,freesolv,30,global,,rmse,1.0694562196731567,1.562748908996582,1.0497630834579468,1.573452115058899,,,,2,2,2,hetero,mpnn,,,,
2026-09-01T12:46:30,avg,freesolv,31,global,,rmse,1.0904812812805176,1.5603817701339722,1.0497630834579468,1.573452115058899,,,,2,2,2,hetero,mpnn,,,,
2026-09-01T12:47:12,avg,freesolv,32,global,,rmse,1.0818064212799072,1.5308164358139038,1.0497630834579468,1.573452115058899,,,,2,2,2,hetero,mpnn,,,,
2026-09-01T12:47:52,avg,freesolv,33,global,,rmse,1.056495189666748,1.527409315109253,1.0497630834579468,1.573452115058899,,,,2,2,2,hetero,mpnn,,,,
2026-09-01T12:48:33,avg,freesolv,34,global,,rmse,1.09544837474823,1.5651370286941528,1.0497630834579468,1.573452115058899,,,,2,2,2,hetero,mpnn,,,,
2026-09-01T12:49:14,avg,freesolv,35,global,,rmse,1.0835912227630615,1.5599021911621094,1.0497630834579468,1.573452115058899,,,,2,2,2,hetero,mpnn,,,,
2026-09-01T12:49:56,avg,freesolv,36,global,,rmse,1.0734440088272095,1.5690422058105469,1.0497630834579468,1.573452115058899,,,,2,2,2,hetero,mpnn,,,,
2026-09-01T12:50:37,avg,freesolv,37,global,,rmse,1.1015149354934692,1.5563571453094482,1.0497630834579468,1.573452115058899,,,,2,2,2,hetero,mpnn,,,,
2026-09-01T12:51:17,avg,freesolv,38,global,,rmse,1.1243538856506348,1.571933627128601,1.0497630834579468,1.573452115058899,,,,2,2,2,hetero,mpnn,,,,
2026-09-01T12:51:57,avg,freesolv,39,global,,rmse,1.099913477897644,1.5697205066680908,1.0497630834579468,1.573452115058899,,,,2,2,2,hetero,mpnn,,,,
2026-09-01T12:52:39,avg,freesolv,40,global,,rmse,1.0905643701553345,1.5543200969696045,1.0497630834579468,1.573452115058899,,,,2,2,2,hetero,mpnn,,,,
2026-09-01T12:53:19,avg,freesolv,41,global,,rmse,1.1315029859542847,1.5429840087890625,1.0497630834579468,1.573452115058899,,,,2,2,2,hetero,mpnn,,,,
2026-09-01T12:54:00,avg,freesolv,42,global,,rmse,1.1188169717788696,1.5711208581924438,1.0497630834579468,1.573452115058899,,,,2,2,2,hetero,mpnn,,,,
2026-09-01T12:54:41,avg,freesolv,43,global,,rmse,1.097872018814087,1.55764639377594,1.0497630834579468,1.573452115058899,,,,2,2,2,hetero,mpnn,,,,
2026-09-01T12:55:23,avg,freesolv,44,global,,rmse,1.0885988473892212,1.5609163045883179,1.0497630834579468,1.573452115058899,,,,2,2,2,hetero,mpnn,,,,
2026-09-01T12:56:03,avg,freesolv,45,global,,rmse,1.1357156038284302,1.5603911876678467,1.0497630834579468,1.573452115058899,,,,2,2,2,hetero,mpnn,,,,
2026-09-01T12:56:43,avg,freesolv,46,global,,rmse,1.1352548599243164,1.546776294708252,1.0497630834579468,1.573452115058899,,,,2,2,2,hetero,mpnn,,,,
2026-09-01T12:57:25,avg,freesolv,47,global,,rmse,1.110962152481079,1.5472667217254639,1.0497630834579468,1.573452115058899,,,,2,2,2,hetero,mpnn,,,,
2026-09-01T12:58:05,avg,freesolv,48,global,,rmse,1.130050778388977,1.5349066257476807,1.0497630834579468,1.573452115058899,,,,2,2,2,hetero,mpnn,,,,
2026-09-01T12:58:46,avg,freesolv,49,global,,rmse,1.1144330501556396,1.5452702045440674,1.0497630834579468,1.573452115058899,,,,2,2,2,hetero,mpnn,,,,
