round,client,stream_seed,optimizer_steps,skipped_singletons,batch_sha256,start_model_sha256
0,0,192803409,200,0,baad981107ea92fb6e69208ed4e75ba0aee86242af1e17a60d70a726a22e79ed,dc92e6e323024ee41351d104c359afd7d39e9f8ec4732675a092adefcad8cb27
0,1,3871212475,200,0,37c0386fce2da5dca4fc3378423152bffe4a57dfea089ad28deb94b115fc26f1,dc92e6e323024ee41351d104c359afd7d39e9f8ec4732675a092adefcad8cb27
0,2,3626051900,200,0,f7953f3ef2932ef0c0dd170af27cb1c36cd0249399fe86dabc2d3830e6ad5d3a,dc92e6e323024ee41351d104c359afd7d39e9f8ec4732675a092adefcad8cb27
0,3,118969193,200,0,f2d9626f6e5b4061cbd1eefc5e5445b362835c63c9fca3581216885d48dc85f2,dc92e6e323024ee41351d104c359afd7d39e9f8ec4732675a092adefcad8cb27
1,0,180884864,200,0,5cc29c5691f0431526e9e410c4c19c15d9d75b3e7800bb1dc3587d9cdd8b5322,a7aedccec7185f1979632ed44de7027a3158eb11265795eab295aeae5a241acf
1,1,2164327674,200,0,54f58b77b2303f36cf454278fa61e934f9d2fcdec9999af55b0327c1f57cca0b,a7aedccec7185f1979632ed44de7027a3158eb11265795eab295aeae5a241acf
1,2,2946853011,200,0,acb6c452767e6ee4475d8b503e5072352daa75430c89d27953eec2645328b4f0,a7aedccec7185f1979632ed44de7027a3158eb11265795eab295aeae5a241acf
1,3,14918065,200,0,00266275f4fde9b7d7f4af10a900c624df5cc6ecdeef488146106fcd4f3abf0f,a7aedccec7185f1979632ed44de7027a3158eb11265795eab295aeae5a241acf
2,0,4199703375,200,0,4543f71435563cc6ab0b196da1cdf5fab93b6506cf67181a3768c9e650e590ff,896f16520cf08719a41003c92bc94c62e73e1050c1fbb9ead73bbd407c7b5a01
2,1,2188914633,200,0,af59044f683f04c9ac742a4081b72753aa2734fe4f1fc1749fd12cb71208b31a,896f16520cf08719a41003c92bc94c62e73e1050c1fbb9ead73bbd407c7b5a01
2,2,995974920,200,0,6ac84125264bfb330229772eefc648fbbf6d478d2014b6d1d3096286290a0245,896f16520cf08719a41003c92bc94c62e73e1050c1fbb9ead73bbd407c7b5a01
2,3,3344004191,200,0,ff93ee9353da491cb3e1fab09e7c610b1db4ad5e6a929b638fec12e6337fa206,896f16520cf08719a41003c92bc94c62e73e1050c1fbb9ead73bbd407c7b5a01
3,0,4092366205,200,0,441bc992a6a44b351d3874798d63f400f277a2a1871b5a0de93e8bd7581a92ce,f06707eda4e072cdc31ba88728c34af1569b076d1a97e5dbbc8c241752db5d63
3,1,3334513130,200,0,a198b3d3e7f2acd682febecbfaa08df09fef5f396de9cf5c0d7dfd71022ae667,f06707eda4e072cdc31ba88728c34af1569b076d1a97e5dbbc8c241752db5d63
3,2,2369040774,200,0,98209aeeb6fff542a412cd0caccf27a0be2e4658970ea983bc1fd6f95b6d30df,f06707eda4e072cdc31ba88728c34af1569b076d1a97e5dbbc8c241752db5d63
3,3,3943972085,200,0,82c63051e1e8bb2d7260585407e0397d8280d7acf3df0c0eefacf427219afcb6,f06707eda4e072cdc31ba88728c34af1569b076d1a97e5dbbc8c241752db5d63
4,0,317024511,200,0,a96837735c7767631e57d407fea51af2dd253095289341c0ce05f3b567bed153,b16da7b4c465d81ac393a0d7df836ded2a519037889f0d418034822d18ed0611
4,1,2866305467,200,0,4499c9ab7167b5f42e2f3bac206f9a83c33d16589b951344733627d2fb9ffc38,b16da7b4c465d81ac393a0d7df836ded2a519037889f0d418034822d18ed0611
4,2,2503382494,200,0,9f58e3b62136d8f496851111968226d6bab0fd3219175e159db1a0bfaaeba622,b16da7b4c465d81ac393a0d7df836ded2a519037889f0d418034822d18ed0611
4,3,1139892118,200,0,dd9f71938c4cd431fb67db97d469b44dd2e62634d354d1fe99d16118f9c17454,b16da7b4c465d81ac393a0d7df836ded2a519037889f0d418034822d18ed0611
5,0,3407627983,200,0,eb62f8a791dece195f22497e3f45e98ca1a0d58ac9a9a2d0240287bbf7880e5c,157e47059df5623251bffb810d555dfa37055c1b951c43f2f56485fc52f68391
5,1,3858501244,200,0,ed42723b7c1ef03996e592f462a446ec3f93a3e98d574f7c10cc9bc9ed5f79e8,157e47059df5623251bffb810d555dfa37055c1b951c43f2f56485fc52f68391
5,2,542331299,200,0,2fdca2aa0d8756bc99511ae69dc988afa54cb8de5f8b6a17c13e7e0a844fa74d,157e47059df5623251bffb810d555dfa37055c1b951c43f2f56485fc52f68391
5,3,2152663170,200,0,41e9042603d213fb6fa5d10b5d60a245309e5ffc89f3a5e4f3c3a92e908b0a12,157e47059df5623251bffb810d555dfa37055c1b951c43f2f56485fc52f68391
6,0,1971849685,200,0,1537c47843a4000f38a34cf06ac43e560154811686eb74249ef9f9b81125763d,3958c11f9f20fb708a3b08e45b23b1c1577ad990efc7d45522ba7e9f62eb406b
6,1,3204973950,200,0,169961e4d3de1e5b047b566fcb74a317e9736865ebb4178276f14cc51749984a,3958c11f9f20fb708a3b08e45b23b1c1577ad990efc7d45522ba7e9f62eb406b
6,2,2289946146,200,0,10792a38fa8582f12557ddbc7b9830b0517b22d9a928c16fe53458a1b465aa1d,3958c11f9f20fb708a3b08e45b23b1c1577ad990efc7d45522ba7e9f62eb406b
6,3,2197066534,200,0,40b7b0b7bdb3cf11442a93c1cb2f0034f52569fd62ef3b2bf5aff6a2a722667a,3958c11f9f20fb708a3b08e45b23b1c1577ad990efc7d45522ba7e9f62eb406b
7,0,382473034,200,0,798488282eef6b68aa03ef19e057c623799dee780ad130370b339aea6b0f07bc,7245ec2b15f901f92d99297532eb1fe747a045d4d359ad0526bdefc0ce2240d1
7,1,3014585427,200,0,e8f115daa312ad219b504415e899f3beb4f0bf4692843dec7eaa735bc7227e8c,7245ec2b15f901f92d99297532eb1fe747a045d4d359ad0526bdefc0ce2240d1
7,2,4203617694,200,0,3ba3db46b4d7cc5242a1623dae436e5c96218c4352f9b9fb590e9c1883582ea7,7245ec2b15f901f92d99297532eb1fe747a045d4d359ad0526bdefc0ce2240d1
7,3,1548582943,200,0,0e78b73a5e894d2aa7d1e70bfd6ba4bd2cadfe2bc898638d12a43a5ca1e4db6e,7245ec2b15f901f92d99297532eb1fe747a045d4d359ad0526bdefc0ce2240d1
8,0,520239491,200,0,269951a7e30f01662e225daef02d51b3008ef9936b0d91fb9fa8c5e756eeadae,def823021e3ff55a4490c8ac3953a36903b53df4efd9cb07e9f03a7a33d9b69e
8,1,2347127105,200,0,a807bef6441ccd1f1f36b70fb336ee5d9f65bcd598e655226485ec5c0ec3d1ff,def823021e3ff55a4490c8ac3953a36903b53df4efd9cb07e9f03a7a33d9b69e
8,2,2633357354,200,0,63b57944a588838a4ce2aefc062e3a9655ca06dff6f763f4b9f7a62467ff615e,def823021e3ff55a4490c8ac3953a36903b53df4efd9cb07e9f03a7a33d9b69e
8,3,766022503,200,0,03053fd9f4ada894cb286afbd326e0a3376eca37f642a868d75109de42b803b7,def823021e3ff55a4490c8ac3953a36903b53df4efd9cb07e9f03a7a33d9b69e
9,0,1553403691,200,0,87e57ecf831bee5d6b35da7b67fb333e7d8518211cb67df042cf1d05e7a8a755,1981349ee075c076924dbbbe0a1088dab93489384e411a36ea33dca201b64e0f
9,1,2679342367,200,0,05a102fc6799d876f2c411790bbface9c32ab5b691c8a1fc9b79e52763bd3d58,1981349ee075c076924dbbbe0a1088dab93489384e411a36ea33dca201b64e0f
9,2,1079213942,200,0,66f9142bb52524d8f755adae7e91defbc3816b7a798753ad7d8c4c683859a3b6,1981349ee075c076924dbbbe0a1088dab93489384e411a36ea33dca201b64e0f
9,3,1241161923,200,0,3fc5f05ab75ae4e05c6e831d6c526e2399e34efa62a2c289738147eebd55feab,1981349ee075c076924dbbbe0a1088dab93489384e411a36ea33dca201b64e0f
10,0,4080988253,200,0,e90e43854a2914f83091c0c6e7e2d4088a6d8e4d0abbe08696eae5740291ff49,d5f9f2fc2ad910579840a33d83c2ba1a3d149a0d083ae9ec1a0f43b258caa590
10,1,3588296180,200,0,d51a473a288b61692e020d44b729c7303454546ba12ff2c88a69d06c70c9a63a,d5f9f2fc2ad910579840a33d83c2ba1a3d149a0d083ae9ec1a0f43b258caa590
10,2,1548968185,200,0,e15f3e5fd8a66c4e0b2f708f3a66e082a9f825385417d75d82e321fad0e08a15,d5f9f2fc2ad910579840a33d83c2ba1a3d149a0d083ae9ec1a0f43b258caa590
10,3,1679188197,200,0,a2237440442684c4efe6301d9cf68967500b02a00bf8e6da369cc3f310783dda,d5f9f2fc2ad910579840a33d83c2ba1a3d149a0d083ae9ec1a0f43b258caa590
11,0,1168815530,200,0,79145dd326036cab5e25331405ba67efc9d50f356cad0ab1478cbf8afa9e339a,c5d5c7338a25fb05c52dd8b23ef5b6ba51bf0ef176b5a05802d0084f47a16b5f
11,1,3134271436,200,0,5c3580d8245f60db9ae89f7a986f047d3410c85fef4aac2938bf1c03c51671f9,c5d5c7338a25fb05c52dd8b23ef5b6ba51bf0ef176b5a05802d0084f47a16b5f
11,2,2767508638,200,0,6767f34d3dd174e038ee1476f7bc0fb6a837a6399a5a7c905845dce2466a43c5,c5d5c7338a25fb05c52dd8b23ef5b6ba51bf0ef176b5a05802d0084f47a16b5f
11,3,161131594,200,0,37bbb2cc32e5e83e568e5169122331af022ea5769cea3480d7ff590c04c6fd33,c5d5c7338a25fb05c52dd8b23ef5b6ba51bf0ef176b5a05802d0084f47a16b5f
12,0,2740384004,200,0,9b6678762a21c6615e5f3eca199a6883daa51587302711194f02d1577a474e00,2af9c08ba416fe07a6815fe22ead837446db16ba50ef621c852eeeb75dce7c1a
12,1,2745838122,200,0,e5c4e88fab5789fb4c2ef38564913d63e048aa41ad094fa38635122e24986482,2af9c08ba416fe07a6815fe22ead837446db16ba50ef621c852eeeb75dce7c1a
12,2,2283699498,200,0,0489ade331cd7bd9cd5775eb7e94bd804ac1b3b40b644a8b668aba68a881223c,2af9c08ba416fe07a6815fe22ead837446db16ba50ef621c852eeeb75dce7c1a
12,3,2699509857,200,0,29b1476701aa44b09ef179cde9c315d355e4aa3fb1a6f5e51b9f9b36f102340a,2af9c08ba416fe07a6815fe22ead837446db16ba50ef621c852eeeb75dce7c1a
13,0,294973132,200,0,1ffa17e12c19db5dae28703c1807bd0befdad142fffdf93bd499b4f42c9b5563,c9b8fe74f7d8b3f7d004f9c0399ba27f7deec04f316030177cfe07c1f41c2477
13,1,1112865040,200,0,93f7d301a93cfb217b2ca099d7975012f0724a1512600d5306a3e41bd78a30d3,c9b8fe74f7d8b3f7d004f9c0399ba27f7deec04f316030177cfe07c1f41c2477
13,2,4270231154,200,0,5997c6658659a7b2e959ffc21dd6a69b26bab0ea6662ada0e2fc13c7f83daa2f,c9b8fe74f7d8b3f7d004f9c0399ba27f7deec04f316030177cfe07c1f41c2477
13,3,2742587248,200,0,468a8a2a929bbc7d08e8c6ba1f8e2ed50b9c184444df61b9e0226d403176379b,c9b8fe74f7d8b3f7d004f9c0399ba27f7deec04f316030177cfe07c1f41c2477
14,0,1022838374,200,0,ea58e3bf881f0e92f922c3f8b1db00609537c2f61e84a2c084689e095f5b5bc2,57bbe6f26321e131dbe3d15d1295392b60f96ed133849af72befa7368bd2f179
14,1,1249996080,200,0,067f6e475cf0089196c4a1ad098d90963a2a857dbf0cef34e488345959825f59,57bbe6f26321e131dbe3d15d1295392b60f96ed133849af72befa7368bd2f179
14,2,393503803,200,0,d487317a198c2ffcfaba6e5f55dc53db73f3ceb6b9460aece61507d4d9c4ef85,57bbe6f26321e131dbe3d15d1295392b60f96ed133849af72befa7368bd2f179
14,3,3872971455,200,0,825b9c2f7571446062c7d9f7c0b218d2ab212675b8729e2e2dce3d32a29c9806,57bbe6f26321e131dbe3d15d1295392b60f96ed133849af72befa7368bd2f179
15,0,855826836,200,0,9fbe79b792fd8fc625fc57a4b00ef540f0c52a8c4617e4854b983eaea805ce2b,e5957bfaf2a4be35d31cbb9784b15ddb2c3e08382bfa73e102172d5090858b40
15,1,3579562479,200,0,58c1ccad9592fb43b833b3dea46750a7367bf3ddac408a076a6e10e35dcfcc3f,e5957bfaf2a4be35d31cbb9784b15ddb2c3e08382bfa73e102172d5090858b40
15,2,2017404920,200,0,96994ab2cc1cc49cfb406841e9dcf29933f6f5bcc7cb6e918cde6cf2eb0f1f57,e5957bfaf2a4be35d31cbb9784b15ddb2c3e08382bfa73e102172d5090858b40
15,3,356820270,200,0,c56a52d9e37454b905407ebb404948b98e8ab7f6695289f4a36bed90d19dbbfe,e5957bfaf2a4be35d31cbb9784b15ddb2c3e08382bfa73e102172d5090858b40
16,0,3927385103,200,0,d994e5e32ba03f63b2b6855ca04b6b55c14839cfc30e7710b1ebc1a6746d2f8d,851536c077e5311b0b24339fbed76119eb099b0ba3b4184f841fb12ebd170a82
16,1,984040352,200,0,70422c3c3f778b191ec645db29c9c94c08d792e79f872e53950ccff4195560b1,851536c077e5311b0b24339fbed76119eb099b0ba3b4184f841fb12ebd170a82
16,2,603564914,200,0,b62413302d3208cc18e6a7999894c74fd7cd8e7eded5b06f85ff966569767103,851536c077e5311b0b24339fbed76119eb099b0ba3b4184f841fb12ebd170a82
16,3,2569251101,200,0,52dd8c8f502d968b183470293b98c7d3c754eaebb5ffe0c50aa5cb5c6ab85952,851536c077e5311b0b24339fbed76119eb099b0ba3b4184f841fb12ebd170a82
17,0,1145611208,200,0,d106a781c5c07731154f00dae6b77d090b1a616c1cff49e9e7ef495af89b48a2,ae8fa17793c46fe269c028be0b54a62387a6d072ebffa0aede4c39ca31798674
17,1,3717391109,200,0,aac8d0d5d9ba44b2c46b5e87ee884a97316b939586b641fc6492d8467be242a2,ae8fa17793c46fe269c028be0b54a62387a6d072ebffa0aede4c39ca31798674
17,2,636480777,200,0,a66a482922ec22b341047a8e9576e9bd1c429bfb83bd1960327790d384fcafed,ae8fa17793c46fe269c028be0b54a62387a6d072ebffa0aede4c39ca31798674
17,3,1345600373,200,0,3248ed8140a2e5e3f5d1eb7b356aa1404679db54b9016dd5bd4f04c654aa5efb,ae8fa17793c46fe269c028be0b54a62387a6d072ebffa0aede4c39ca31798674
18,0,1324658894,200,0,b9ff1a2e2bad8567d630a3669008f36e075ebc554cecb8aa4c5b7cb7ffe01645,ad25487fede06583b14975f72fd1534da28a9e1b5ac063d41cdc446c2612ba93
18,1,4042588669,200,0,3791e5a0bcb9c2f99995461d552355e63433874a8131225bf983dc711aecab4a,ad25487fede06583b14975f72fd1534da28a9e1b5ac063d41cdc446c2612ba93
18,2,3505431305,200,0,cb0d09754775ed8e36da06b2bfc4e3133f492c7fb574d0fec123762ad85c4ef1,ad25487fede06583b14975f72fd1534da28a9e1b5ac063d41cdc446c2612ba93
18,3,4094356589,200,0,4206da9576c8b7f3c53996a806b1671a8516efcec9219bd234da12ba89a5ea0d,ad25487fede06583b14975f72fd1534da28a9e1b5ac063d41cdc446c2612ba93
19,0,526858608,200,0,1110653afab34738153c441b5c789a567fdc505bd8f2b85ba71531a6d075515b,178d5ca8701b13e5c1f067a8398516433a5a07844b4100383f80071504d35e94
19,1,747447759,200,0,f67c2d4c5f5fb1b690a654b0cb6a0f8866f4d6d2cb15e959d7b3be1c48c097e8,178d5ca8701b13e5c1f067a8398516433a5a07844b4100383f80071504d35e94
19,2,3666809207,200,0,b00d8cd25b4c4765e1d6f89617e1dbd3108d480555a4ab0250a1ae1c06565a07,178d5ca8701b13e5c1f067a8398516433a5a07844b4100383f80071504d35e94
19,3,2868228498,200,0,d0644264b1172449b894fce0e1c0c941e8a1410d8a426a6eda3192ec1c095469,178d5ca8701b13e5c1f067a8398516433a5a07844b4100383f80071504d35e94
20,0,3211811168,200,0,a8fbf1137f6fa17deae8ae9adc2bdeec542c139b16db9fa2dbd85b9d2f1bf406,061a37c117c7e101a2661f4907266765ea7a6b7a99e1afd6388b9e95a0965fb1
20,1,2835510676,200,0,0953a90402dfd3687dd8f8b9848bdab3c86c4d55d57c1c60a28d72e90cd7f9f9,061a37c117c7e101a2661f4907266765ea7a6b7a99e1afd6388b9e95a0965fb1
20,2,121439651,200,0,0c7189b6b4899823c09a49a2eee53a801d8ffb774148012eea6d35dc653b0f3c,061a37c117c7e101a2661f4907266765ea7a6b7a99e1afd6388b9e95a0965fb1
20,3,4050023744,200,0,723df8d7e34f20e57dc3d7560bc0a121ce2252f349c083533735e7a582130401,061a37c117c7e101a2661f4907266765ea7a6b7a99e1afd6388b9e95a0965fb1
21,0,4117343465,200,0,03335cd853136608ae8a37066cc164b3458a416de4d59d453499c2ca94a0fc1d,91ec6a4d4bbf8cce4be724d5b5dd06c8accf6aaf2f10d6ab73500fc748b279c1
21,1,2379305251,200,0,cb19420018a54fd94cbd4b2be6792510da7e347ae9d05198c0c16ff32ba6cf1a,91ec6a4d4bbf8cce4be724d5b5dd06c8accf6aaf2f10d6ab73500fc748b279c1
21,2,2181874908,200,0,0b0cbdd00a3e6acdda5831433f7036c0e6e0417a6b88b59df88e64efd7080cc4,91ec6a4d4bbf8cce4be724d5b5dd06c8accf6aaf2f10d6ab73500fc748b279c1
21,3,2882532980,200,0,8d47d7abb5619381318ce987526e0d3b42206717512978efdd5821dfa8441c7e,91ec6a4d4bbf8cce4be724d5b5dd06c8accf6aaf2f10d6ab73500fc748b279c1
22,0,2732209843,200,0,cc48edcfa59139e48bb0651c7c30c0e2ca89746459c1e253b55a8c35401f9310,b69d7b60e8affb0656ec580a7d1ae0cebd96e0acfbc8dc08891916b500a6446b
22,1,1845552106,200,0,3756e4506c4dcb6a3a3eaf61b4998bac4fd3d9eecc8c03eac192b23a76925d08,b69d7b60e8affb0656ec580a7d1ae0cebd96e0acfbc8dc08891916b500a6446b
22,2,3018057725,200,0,215f73205f68b808f75de324ebaa35f4b2b0a94b6c21cee1af9ac47d88220fbd,b69d7b60e8affb0656ec580a7d1ae0cebd96e0acfbc8dc08891916b500a6446b
22,3,4239513355,200,0,fc841b4d7682993561c04e93dab5d0664fd0b36be8540446c8fcf9fcd1a657f7,b69d7b60e8affb0656ec580a7d1ae0cebd96e0acfbc8dc08891916b500a6446b
23,0,1475162278,200,0,ec94301d41606de359762f5317017d6a3e524fa5a5f6722c48284a32804fd68f,306bc93584da0033cf9db1fd6c98c27f81bf64905ec5c3176431790aeba7400a
23,1,4048685724,200,0,e3726c7f3302e1bd244faa894662401fbdb14bf3b8df729862228bb368eac458,306bc93584da0033cf9db1fd6c98c27f81bf64905ec5c3176431790aeba7400a
23,2,398462933,200,0,7d9e1e93d3f0c15ae9da1e07d884cf0b5d2a2b707077b3bca1075bdf83b488f2,306bc93584da0033cf9db1fd6c98c27f81bf64905ec5c3176431790aeba7400a
23,3,688742988,200,0,9b43affd2ef1d7ec1b5d0c42bbf1bb339b6a5e1c4b4adbbe8b0c61f8e9ac112c,306bc93584da0033cf9db1fd6c98c27f81bf64905ec5c3176431790aeba7400a
24,0,3039916743,200,0,bb8cf2eff1572c39f75387ca785ec215101bf65a2db00c7a57c84c251f4219ca,a916e83d28ada963357d0258ce65e04c54108263a3e1c1ba544c9bf21bef21ed
24,1,2287605497,200,0,1255175c009e3c3a3fae77c83945a694dd1473688d97ace724039908dfb56f58,a916e83d28ada963357d0258ce65e04c54108263a3e1c1ba544c9bf21bef21ed
24,2,3436783269,200,0,ec169627d1765b23fc4bb4b342403828eb6531a6bb625136785d4e1ff8a2bfde,a916e83d28ada963357d0258ce65e04c54108263a3e1c1ba544c9bf21bef21ed
24,3,1830098374,200,0,c283bae23343070d2bad43aa671110477133afc5bdf935ba7652cf0f0f316e26,a916e83d28ada963357d0258ce65e04c54108263a3e1c1ba544c9bf21bef21ed
25,0,334149263,200,0,fbff7f4cf6c90b0cbdb3d8f9274098a6e5f274b89bcfd0a537c7eb2f0d4fbf4d,7ceec4dd7ba9cd42d3ea0f6fa07dbc9addb015c5df901c3cc2ce294e65b7ca15
25,1,490814046,200,0,42e7a1d07c13ddef2d2c89ce8bb2a75f35211b1e798e8a649467d2e4e6bfd9ff,7ceec4dd7ba9cd42d3ea0f6fa07dbc9addb015c5df901c3cc2ce294e65b7ca15
25,2,1903432405,200,0,957c013d5cbcc1b2a0bca98dbbe04c3e1f4e61c76b9e77664aceb82ba3ff8931,7ceec4dd7ba9cd42d3ea0f6fa07dbc9addb015c5df901c3cc2ce294e65b7ca15
25,3,2350924076,200,0,21bb2c8fd6f3c30558bf6591e9667cec88cbb4f7eecc70f1106ee1f0aae9a58e,7ceec4dd7ba9cd42d3ea0f6fa07dbc9addb015c5df901c3cc2ce294e65b7ca15
26,0,1398093276,200,0,a63a5ed402337f691f2ad1f539e667a9509f65bf75a8949449557e1271e72453,899c6a1f29ad6882cf43b7760071280833812a774d701fb8b921c385d7f520c1
26,1,2567777422,200,0,159036321e2339be765bcdbda12fa70c80dfa9560f27f568379cf2473c7cb462,899c6a1f29ad6882cf43b7760071280833812a774d701fb8b921c385d7f520c1
26,2,1608406295,200,0,173f94d6e2fa29287886170873e0802aad3f338f589f517bc489c287bcc14ed8,899c6a1f29ad6882cf43b7760071280833812a774d701fb8b921c385d7f520c1
26,3,4147646914,200,0,c44779a8468176a8f724a9c9cc17b0665e935455383e95dad18691451734a445,899c6a1f29ad6882cf43b7760071280833812a774d701fb8b921c385d7f520c1
27,0,4135155448,200,0,430fb6a2f6b182181dae05e19e954c00c0c78ab7657232b7b8570e6d1641ef59,6ec040e042fed6b5dddaef1c4ad3299d98c5dd2d347121976dcd662726fabdcf
27,1,3452517596,200,0,0733d11de1cc24392e66496d695b470d27aa0683da8a9e2b9a7741748ab69183,6ec040e042fed6b5dddaef1c4ad3299d98c5dd2d347121976dcd662726fabdcf
27,2,610253667,200,0,2d1b5138dbdb0ec3de1260969a3a4013fee99c4aa6220bf67fc853c42fe945c0,6ec040e042fed6b5dddaef1c4ad3299d98c5dd2d347121976dcd662726fabdcf
27,3,1492151293,200,0,ea6dd0cb0fa4ed36cc1c8cd15bdafdd9219bd03dc1e642eb155f7c3152c2f076,6ec040e042fed6b5dddaef1c4ad3299d98c5dd2d347121976dcd662726fabdcf
28,0,1415820536,200,0,1fea32b64223e431c8a04b8c47acca05414349401cb037fe743fcbb3f8fbb148,825eed89d3be3001ae05c0790e2ac66fb651196f0a1b7c5b9ad9eb58be34d83d
28,1,2080238507,200,0,83745ed3395a1c9ce0d179b7bf15fe483c76b9998aa3c18a5134a7a4110a494a,825eed89d3be3001ae05c0790e2ac66fb651196f0a1b7c5b9ad9eb58be34d83d
28,2,2272500639,200,0,8dfc6efd54cce3bfec8c076aad59e072224eed33256fbac830b01887e02df88b,825eed89d3be3001ae05c0790e2ac66fb651196f0a1b7c5b9ad9eb58be34d83d
28,3,672082582,200,0,4455ea16a48ce2e5b89ed08cc8b5a04e5ce81092ee0644ccea679a7fa923502c,825eed89d3be3001ae05c0790e2ac66fb651196f0a1b7c5b9ad9eb58be34d83d
29,0,422533192,200,0,e889b67313810be8ac07bbdf9747400d72bf0761556e69fe59619ffdee9d6b0d,f93f40ba84dff306c92f669af9fccbc56b3ecd4e2ec33bfc869467ceb3411dff
29,1,533540572,200,0,847c560652dbce3c1fa598fc6ab90f3884112e77c4272c7c7255ad02addb352f,f93f40ba84dff306c92f669af9fccbc56b3ecd4e2ec33bfc869467ceb3411dff
29,2,2796315142,200,0,dcb7300a9a61f660478a44fd4318cd92a06b04725627721a337ad3f086ee5059,f93f40ba84dff306c92f669af9fccbc56b3ecd4e2ec33bfc869467ceb3411dff
29,3,1568061902,200,0,108185d303d3ca59fe3dc0aeca354ef3664d3752b110c8438bf113a4f6d01213,f93f40ba84dff306c92f669af9fccbc56b3ecd4e2ec33bfc869467ceb3411dff
30,0,889781917,200,0,67e7cac6a51704e691a15397cc005c8a4afd827f9a9c7a04f92d877052828109,792b7279a6e0e9510d6ebd287ad33ce9fd6b227a8e6595aa3266409b9cc1dbb4
30,1,3159363306,200,0,a487056a1a0eb4036a964fca18eabf92e50a43d308739087d603c36e727bbd14,792b7279a6e0e9510d6ebd287ad33ce9fd6b227a8e6595aa3266409b9cc1dbb4
30,2,3889406012,200,0,3d8bc9f678bacb7d454ddc3bb62b90737dc14ce59b0511cb4e689c1d1d9f1cf0,792b7279a6e0e9510d6ebd287ad33ce9fd6b227a8e6595aa3266409b9cc1dbb4
30,3,2196158707,200,0,69bdbd187e5b85b094ad64d304542a5dfe821fd0a278a2b5505357ab7c339c29,792b7279a6e0e9510d6ebd287ad33ce9fd6b227a8e6595aa3266409b9cc1dbb4
31,0,258863980,200,0,cf23027fced82b7dddbc4734a057f54bf2e7c77672e2332bba68a2dc6bb8f8f0,b80abc8de5e156d2fc40f08a650c97be67b0d38b99aff143e7def6a9928eb6e0
31,1,2592831380,200,0,02d046e83f7842272b3e1b3848e9cf3242d0608ef03a30e4b860f5945ef079b1,b80abc8de5e156d2fc40f08a650c97be67b0d38b99aff143e7def6a9928eb6e0
31,2,2070527126,200,0,9fddbb57ff92040f6a9e108142a8a0ac45fd8841ad413a4460794c7b792571ca,b80abc8de5e156d2fc40f08a650c97be67b0d38b99aff143e7def6a9928eb6e0
31,3,3683865171,200,0,76d229edb64f50dbcbb485eeb89e3e4344add6764e3daf06203b334639584b2e,b80abc8de5e156d2fc40f08a650c97be67b0d38b99aff143e7def6a9928eb6e0
32,0,662344580,200,0,1d3583485942a3f2b5a81d668b84dd0a5a8dfa33038933c4b33ab6c550cc262b,da9e175389d14273fe75c635816f8b328ac18cc9b2a02dd0b901d898572dd53b
32,1,4262792717,200,0,875a44d7b4129a38054e33efc8b7a695795f6743dc5107de67e282bad1b1e8f4,da9e175389d14273fe75c635816f8b328ac18cc9b2a02dd0b901d898572dd53b
32,2,1208254823,200,0,6e932af6344e4006cd9432a610905e06c7143d62a45e0a042f742189c6e231ec,da9e175389d14273fe75c635816f8b328ac18cc9b2a02dd0b901d898572dd53b
32,3,470853445,200,0,4e79b820c78ded0c433d2d762a2577e72627dd33e9ce17cf40df7b04cd4c973b,da9e175389d14273fe75c635816f8b328ac18cc9b2a02dd0b901d898572dd53b
33,0,1899933756,200,0,4e6fa33779967ec9ada7b23199cc4d8eb370b667e239bae874873c51d93ed99d,ff502e65982cacd1e9376f6214ea1be8b7b8e73fc5099f8bc44f21148a9c930c
33,1,2998111186,200,0,f2748a2e80ad362f004d19219353afa042ead5f4c3cff8a7c20f16e4a6c7b5c0,ff502e65982cacd1e9376f6214ea1be8b7b8e73fc5099f8bc44f21148a9c930c
33,2,3788936635,200,0,95bd617bc8ace3e5720aefec7c77df82604242462945ba3e31e106d1610ecc3f,ff502e65982cacd1e9376f6214ea1be8b7b8e73fc5099f8bc44f21148a9c930c
33,3,2569861464,200,0,52eb092b23f9d76d614b9960ef8b548d96a33990276a50f38b7f45a71ea2e5e0,ff502e65982cacd1e9376f6214ea1be8b7b8e73fc5099f8bc44f21148a9c930c
34,0,1199313187,200,0,f2100b216dfa1a76871280baf346bc8d2b3764a814a5db91ff6c8c6a027c8360,e832192bc135f082819f651e7b4524669a672a2d1b4492875b4fe3c52edc27b1
34,1,3956779848,200,0,4789233fe1f2cd146c5984ae518a603a37b041747bd9cdb31aa6e7fbfb79a07f,e832192bc135f082819f651e7b4524669a672a2d1b4492875b4fe3c52edc27b1
34,2,3873202800,200,0,1747f299e122e2e0f39e413493b276bd42bf1aea2e044503596cc9e51d3767c0,e832192bc135f082819f651e7b4524669a672a2d1b4492875b4fe3c52edc27b1
34,3,1664523756,200,0,bc76b1dd717d8774ae66a153d47cc7cddbc61e865aa800eb365d66ca82c973d8,e832192bc135f082819f651e7b4524669a672a2d1b4492875b4fe3c52edc27b1
35,0,2960137950,200,0,921b830a04e35f103ef5548391619e410274ce4e20e23094a8d108ec47bf3948,c1e60140248d979f5f874ab60e6ec5f171ab91f4ddba15a57b825bdbd42f5fda
35,1,546469158,200,0,05993bbc784ef4c11157daa387403668622239aba4c406d6b33569f56d63119f,c1e60140248d979f5f874ab60e6ec5f171ab91f4ddba15a57b825bdbd42f5fda
35,2,2053576682,200,0,abe41d20ae2b51a0d8e2f8c726abdede28110ad3fe65c7025bb7501b594bfee6,c1e60140248d979f5f874ab60e6ec5f171ab91f4ddba15a57b825bdbd42f5fda
35,3,3764614831,200,0,49a4928658dfa42b3be82eaaf20706c1db69be7ff0c8e769c12a919032658a44,c1e60140248d979f5f874ab60e6ec5f171ab91f4ddba15a57b825bdbd42f5fda
36,0,676013830,200,0,a49e960d7ca903bee28c914ab4d6929c3c61f4dad2bbdd67fbf06adf970962eb,14159adfe6d3486853164b68b2c6ef6f39ebe1b298a4c5f3a2946135c02592a7
36,1,1977216755,200,0,f5a54cbb490c2a67f7fd13137f103382fa8cc17661d2f38aaaedec063ff6b52c,14159adfe6d3486853164b68b2c6ef6f39ebe1b298a4c5f3a2946135c02592a7
36,2,2038787773,200,0,b04e7786695d6b679f90aeb7befe0f6411eb280464dad9ddd23963c5a32db50f,14159adfe6d3486853164b68b2c6ef6f39ebe1b298a4c5f3a2946135c02592a7
36,3,3685724393,200,0,d79a41f9b85d2f2c36eb091973f16f64d167c050674a4d2c2fe9f11a40b73749,14159adfe6d3486853164b68b2c6ef6f39ebe1b298a4c5f3a2946135c02592a7
37,0,2100233642,200,0,68f21521f28b40b1bb1d69094f57e610e88c4e53b5efbf505bde892ce6242fcd,3a4c4b2fe0d9d6bccfdb229ca0f323d68bef9a2f4c6c32006761ee0f95bb5625
37,1,3825854518,200,0,f4a834e4b37de06a10ab85abbfa6bc59564f298639d89b16067b4041fedce33b,3a4c4b2fe0d9d6bccfdb229ca0f323d68bef9a2f4c6c32006761ee0f95bb5625
37,2,411174809,200,0,e12f1393ba27927d21fa3eed486152a960aa967bf18774a7c40176e6a15051c8,3a4c4b2fe0d9d6bccfdb229ca0f323d68bef9a2f4c6c32006761ee0f95bb5625
37,3,891194747,200,0,a50f9d94f238f9d32076f4243d92b85cbed5f6fdc6f8c88d0c0a1fa86242ef2c,3a4c4b2fe0d9d6bccfdb229ca0f323d68bef9a2f4c6c32006761ee0f95bb5625
38,0,843181682,200,0,1c31b4c0a49a1ca1dd9931349a5c6b7536472372dfe020b7143c415f2113cbf2,d69e5820d3200671d9dcaf2af5824d713e46386482c0b3271f2e0b44ba835507
38,1,2202588490,200,0,ac31a3bb0bd768e4caa7a7f743a72e427a685ccf27328e4c21fad4de38e26313,d69e5820d3200671d9dcaf2af5824d713e46386482c0b3271f2e0b44ba835507
38,2,2228872554,200,0,7eea8266aa84979d4e8752dac233312e9384bf88f62dfa258647d63110acbcee,d69e5820d3200671d9dcaf2af5824d713e46386482c0b3271f2e0b44ba835507
38,3,954637345,200,0,56e951f7ec31cd23e4265bb987c82709c272d0de9b04b0fb821c3d78087e15f6,d69e5820d3200671d9dcaf2af5824d713e46386482c0b3271f2e0b44ba835507
39,0,2526518249,200,0,5f7b16d3ace4437379bc74ac7c203c617b05d2e46d9e1a38580c083b10fa6712,924a3b548c2d51fbd49042b5474be1e01276de777f94bc20e16208f527d6f962
39,1,3863408184,200,0,9ca92ac642256fa38a673d46bf279b97f0ae3b16849dc193f423be6e8e696dbf,924a3b548c2d51fbd49042b5474be1e01276de777f94bc20e16208f527d6f962
39,2,2044143795,200,0,602922191d27d7d2f9f95cea8ca292cd03f4bca3fa65d7d0a093558b2da5154d,924a3b548c2d51fbd49042b5474be1e01276de777f94bc20e16208f527d6f962
39,3,3182214415,200,0,89d04343083cce756fa211c3e590436e823a98889dd32cfe797c22abe666dc47,924a3b548c2d51fbd49042b5474be1e01276de777f94bc20e16208f527d6f962
40,0,2435578893,200,0,fe96a8cd4909671729c85bddadf14242b6b82fba7d259282621f898c9e840564,65a3525320c544f589d74bce5bc1de1012724223492026e2b82eb6d774f2ce8a
40,1,548415536,200,0,808a497396eec97bdca0226ffe6c5455b56c7b68a673dfce8dd3adf20bbee486,65a3525320c544f589d74bce5bc1de1012724223492026e2b82eb6d774f2ce8a
40,2,3731464197,200,0,37769a9e151cbe5d1a7d7516bee3c7bc7fcc171488842b725b75b052ad515bcb,65a3525320c544f589d74bce5bc1de1012724223492026e2b82eb6d774f2ce8a
40,3,344988663,200,0,664604df2b59650bbd24efde3f2a996cd2656183738405dc9d3cc89cbf837cdd,65a3525320c544f589d74bce5bc1de1012724223492026e2b82eb6d774f2ce8a
41,0,3222166050,200,0,fe98294f28d14b9758f0f2291c035434b47ea1a89f8908eb700454c40bd87a89,0c86e05597c20e4b3b1a79c99fd224777aa3a7e3db44cf2fb0bd5e4a3bb82883
41,1,3920222171,200,0,abbe0f3a1de2c40841289e9f10e1ff0784b1276473fa8ef812369aee386fa85b,0c86e05597c20e4b3b1a79c99fd224777aa3a7e3db44cf2fb0bd5e4a3bb82883
41,2,3117594177,200,0,659f9b8d5e1cca18b8639db5491b614e0573f7d13f201866ef68062b7ffa8f8d,0c86e05597c20e4b3b1a79c99fd224777aa3a7e3db44cf2fb0bd5e4a3bb82883
41,3,1398675271,200,0,3096e4e96ca27a7614b67d461ee1abd581cd1dfc9fd62c3558a0dd7899bb048d,0c86e05597c20e4b3b1a79c99fd224777aa3a7e3db44cf2fb0bd5e4a3bb82883
42,0,3982711998,200,0,686257548d03ff5aab2c1ae7bab6942f56e67b63caac3db08e3e9f85ca8d1e6b,bde9db20bb306659c3017a081bc70bd2b5e8394f7b6583200abe23303383baf5
42,1,3680783620,200,0,9c58c507a0c9b495b6cbda63084e73afea0a71e719ef5538eb6e7a502972d758,bde9db20bb306659c3017a081bc70bd2b5e8394f7b6583200abe23303383baf5
42,2,681725951,200,0,7d3a86dd025f5be8e0a98ccaa216e12a555f55a5c6772fec75c0ec1635c4ad58,bde9db20bb306659c3017a081bc70bd2b5e8394f7b6583200abe23303383baf5
42,3,2054077502,200,0,946a9103b5f77926a84c0b5defd94dec249ba2907a1e833a9d64a8cb2349db3c,bde9db20bb306659c3017a081bc70bd2b5e8394f7b6583200abe23303383baf5
43,0,1835088325,200,0,08cce26f9460e1be3106e9a429c243e0c8e98c83a56bcfdd05e0244062792d8e,6915e710aaa93e9ecd7fead260617ab36c5b4585347f3bb800711409c60633ea
43,1,2252758591,200,0,844958c514577a431a1d9fb4bd6dc96e824632a6701033414856bb698f4d242d,6915e710aaa93e9ecd7fead260617ab36c5b4585347f3bb800711409c60633ea
43,2,1593877720,200,0,dcca04fa68a25c51cf78a80ed57320c1a1d870376eb4665fb4d49afb36ac059b,6915e710aaa93e9ecd7fead260617ab36c5b4585347f3bb800711409c60633ea
43,3,2875551892,200,0,50e28f2fb71365b0a181cbe391c96adbecd106c8085b1070ac8c8f9c602b6cbc,6915e710aaa93e9ecd7fead260617ab36c5b4585347f3bb800711409c60633ea
44,0,69461606,200,0,2d5c21acc161db261d9cae89484b7407a718d6d8663d0971dd19d546ffe25567,9969693d15e27b62bb49f33c8de2377d06cf5f06ebe1755a448343ab7b5056f9
44,1,1424548482,200,0,366e74f3edc60e2fd39cdd02df636c14de744f83e50eb8ee383224482c278537,9969693d15e27b62bb49f33c8de2377d06cf5f06ebe1755a448343ab7b5056f9
44,2,203494464,200,0,3e4925e89d59715f43f374f72c6dadf49e4e6ba0e751b8b61649a8a4ebbb5cfe,9969693d15e27b62bb49f33c8de2377d06cf5f06ebe1755a448343ab7b5056f9
44,3,207409422,200,0,a6162aa60ab0bb4f46d494280985c1f29cd957bc155654c8d52e5c138a4e6a4b,9969693d15e27b62bb49f33c8de2377d06cf5f06ebe1755a448343ab7b5056f9
45,0,1275484809,200,0,5a181ab44ba387edc17bbbc8914342196379424fd483bfb5599077a06cdcdd60,c1f54fa767087a451106124450670af444981f1f8789ff794a23f6ebcf0f58d5
45,1,4110205651,200,0,2225d8adffe666d2bf9cab11e3587ba256b2f70b2076c38778c9f4494f0ac784,c1f54fa767087a451106124450670af444981f1f8789ff794a23f6ebcf0f58d5
45,2,3447928742,200,0,0ba7366108c65cdf3a4a91bb289f6476e4265c56800a1295939cbe626e0f45e3,c1f54fa767087a451106124450670af444981f1f8789ff794a23f6ebcf0f58d5
45,3,736769632,200,0,219b44c7e20fdf98121b630e1ce01c438a4356fdcb571455ddd2ac51a5bf347c,c1f54fa767087a451106124450670af444981f1f8789ff794a23f6ebcf0f58d5
46,0,155567438,200,0,6e7a60fec27ad36fb1b3a334fbd971871bb635d3120d687cc04cfc8142bb909d,ecf91f95cbd82348fdf82da34b904ebc5173c95eefdc3402ca33a8471906e27b
46,1,4164199006,200,0,502aa9168bd8ff66d67136dce79aa5dc7675c0ea2dffe2cac27dae3164952353,ecf91f95cbd82348fdf82da34b904ebc5173c95eefdc3402ca33a8471906e27b
46,2,1740367306,200,0,fff2080c9181cc193253febb28a9da33b3706988e78a3b9d341a80a4342ef43f,ecf91f95cbd82348fdf82da34b904ebc5173c95eefdc3402ca33a8471906e27b
46,3,3102556203,200,0,753f370608ab6ba8b10e850ca835ffea1cb6f3b4ab74ace596c323d5d6b7b009,ecf91f95cbd82348fdf82da34b904ebc5173c95eefdc3402ca33a8471906e27b
47,0,2783159458,200,0,d8bb17ce3545362ad43e87b7020016b3da9534d886ec84449e553587f5e2f8f0,173170fe661d8469a7055a4b1b265b13721fc11d5bbf53913036715d36741679
47,1,1610516284,200,0,da8d8448add138b2330029498aaa88a37fdfe64ab992fa40d9dc0a148dd4cff5,173170fe661d8469a7055a4b1b265b13721fc11d5bbf53913036715d36741679
47,2,3682720164,200,0,cd7eb28ffb2f445f1f944c65eba15bf84dadfecd39434de3cf49de1c8d50218c,173170fe661d8469a7055a4b1b265b13721fc11d5bbf53913036715d36741679
47,3,2405144583,200,0,4672dca392241919e4bc22c9d79e2bbc7dc9e89877f623d21bee9e33c049e504,173170fe661d8469a7055a4b1b265b13721fc11d5bbf53913036715d36741679
48,0,1585505137,200,0,851bd46241210a2bc5e159bebf8cc0a4483d7f2f004ca7e997fc1c3d669858b2,67e052640e7762dc120f709db678c79091591cac17248709dfc72cd2e282b5ff
48,1,2469987783,200,0,22fe37595a935710d02c541972ae7dba40ea8a0da3492450099c00355100b65e,67e052640e7762dc120f709db678c79091591cac17248709dfc72cd2e282b5ff
48,2,295483404,200,0,1260f3f94c7071e47733b1aacb4132e0217115513da121f10eb02a2ece366ade,67e052640e7762dc120f709db678c79091591cac17248709dfc72cd2e282b5ff
48,3,400365927,200,0,0d745593b4d848bcc89ae9b06381e2abefa31586895eda118a9094bc5dffd005,67e052640e7762dc120f709db678c79091591cac17248709dfc72cd2e282b5ff
49,0,3554004862,200,0,8f47965209209fec5328df72b56a618347c4784dcad02c6afedc1cf47bacfaa9,90836275c351f75025797a2a28e8dd8c685a4444f2311731fd208ba65ae73605
49,1,4171537406,200,0,96d19f4cf755ee4b809ef8a74bd026418b872c318d9fc94ccd27f5606f340d0b,90836275c351f75025797a2a28e8dd8c685a4444f2311731fd208ba65ae73605
49,2,2084257783,200,0,e2332db2dadb1e2ccdd9770cfb55ebfe7afdb93af6bfe89f91fc44c2a0ea4262,90836275c351f75025797a2a28e8dd8c685a4444f2311731fd208ba65ae73605
49,3,913059357,200,0,d09634b78c8bfdd92ab48e53ec0a6c17518d1058269d906f04e1599f6b4f7b45,90836275c351f75025797a2a28e8dd8c685a4444f2311731fd208ba65ae73605
