round,unmasked_val_delta,unmasked_test_delta,masked_val_delta,masked_test_delta
0,-8.483830025396433e-05,-0.00012618169629852183,,
1,8.85438452599141e-05,-4.613565927857888e-05,,
2,0.000582925486299235,0.0003729552020649285,,
3,-3.0069940847421428e-05,0.00012226613509092044,,
4,-0.00042310085980312717,0.0003355921014951413,,
5,-0.0012918812146925918,-0.000305358772989206,,
6,-0.0005842043531729679,-0.0002177765576654167,,
7,-0.0017554019517517228,0.0001931691489658327,,
8,-0.0010269584526403364,0.0008306580457833057,,
9,-0.00048446534019530585,0.00021733709092941478,,
10,-0.00012172948666411276,5.9598941056226984e-05,,
11,0.00020761370802147017,-0.0001751636790136013,,
12,0.00017410786697802383,0.00011328371158281225,,
13,-0.00013408110442547638,-0.00018951194357541556,,
14,-0.0005354515897671996,-0.00019528396226753397,,
15,-0.0004011722850276733,0.00024030128819552132,,
16,-0.0004884577887178665,-5.761780740465294e-05,,
17,-0.0008245635232665416,0.0004885019878621,,
18,-0.0003888641079551336,0.00021094785062525379,,
19,-0.000508552561275466,0.00010384872530400102,,
20,-0.00034028684530273967,0.00017022094459628878,,
21,-0.0005648551460413209,-2.8231584453641823e-05,,
22,-0.00034644958882079635,0.0003195814836608468,,
23,-0.0006591731043976701,5.411132802690677e-05,,
24,-0.0010366269922282845,-0.0007017547350313125,,
25,-0.0011077940768307037,-0.0005002527933587464,,
26,-0.0011448016420986251,-0.0006537660965800773,,
27,-0.0004680874044532546,-0.0009492333640813699,,
28,-0.0006459143670483058,-0.0003163208011905949,,
29,0.00014682481347760845,-2.250732587560922e-05,,
30,0.0001623713874185917,0.00022902251354739445,,
31,0.00018507596930994463,-0.00026966379766690807,,
32,0.0006168064008705842,-0.0012801881426827144,,
33,0.0008907079794510109,-0.0019280271062555032,,
34,0.0010696304910471355,-0.0025901650238481233,,
35,0.0012796352570300096,-0.0027921331248057513,,
36,0.0010476650826022338,-0.002435689066761615,,
37,0.0013747444866792913,-0.0030683540753412286,,
38,0.0012365277654229345,-0.0034873081688880925,,
39,0.0012122038302725402,-0.0036289738195823817,,
40,0.001260651827970971,-0.003448156034839389,,
41,0.001290796840363484,-0.0032175263961339295,,
42,0.0010993415330117218,-0.003632817921902398,,
43,0.0013949515078297559,-0.004236551825280266,,
44,0.001263125917567276,-0.004531134659108815,,
45,0.0014988461957702315,-0.004383994641131483,,
46,0.0012772748921313637,-0.004210405148329266,,
47,0.0012859681048577043,-0.004282267149386065,,
48,0.0010560368893260952,-0.00453230357248946,,
49,0.0009517658165686393,-0.004129359828940693,0.0006746083356641286,-0.004194429655761334
