dataset,seed,condition,split,model_scope,auc,valid_tasks,source_curve,source_sha256
SIDER,0,hetero_avg,test,server,0.5767497633236426,27,results/reviewer_revision_20260831/server_synced/formal_v3/endpoint_diagnostic_20260912/cases/endpoint_SIDER_seed0_avg_kl16_kg16_lam0p0_steps200/endpoint_curves.csv,854fe02e5d2042cd2fd49db73dc3f94cad5a3b162f6096cf7b9b97d19236df9f
SIDER,0,hetero_avg,test,clients_mean,0.5700398374143323,27,results/reviewer_revision_20260831/server_synced/formal_v3/endpoint_diagnostic_20260912/cases/endpoint_SIDER_seed0_avg_kl16_kg16_lam0p0_steps200/endpoint_curves.csv,854fe02e5d2042cd2fd49db73dc3f94cad5a3b162f6096cf7b9b97d19236df9f
SIDER,0,hetero_avg,val,server,0.5924092216724491,27,results/reviewer_revision_20260831/server_synced/formal_v3/endpoint_diagnostic_20260912/cases/endpoint_SIDER_seed0_avg_kl16_kg16_lam0p0_steps200/endpoint_curves.csv,854fe02e5d2042cd2fd49db73dc3f94cad5a3b162f6096cf7b9b97d19236df9f
SIDER,0,hetero_avg,val,clients_mean,0.5749039166704448,27,results/reviewer_revision_20260831/server_synced/formal_v3/endpoint_diagnostic_20260912/cases/endpoint_SIDER_seed0_avg_kl16_kg16_lam0p0_steps200/endpoint_curves.csv,854fe02e5d2042cd2fd49db73dc3f94cad5a3b162f6096cf7b9b97d19236df9f
SIDER,0,hetero_spl,test,server,0.5917850446545069,27,results/reviewer_revision_20260831/server_synced/formal_v3/endpoint_diagnostic_20260912/cases/endpoint_SIDER_seed0_fedavg_proto_kl16_kg16_lam0p1_steps200/endpoint_curves.csv,1bd96539f8ecdbb4e1606ec1e414fd7f182c80204c88d1ee1ae30680b835d6bb
SIDER,0,hetero_spl,test,clients_mean,0.5863190589045184,27,results/reviewer_revision_20260831/server_synced/formal_v3/endpoint_diagnostic_20260912/cases/endpoint_SIDER_seed0_fedavg_proto_kl16_kg16_lam0p1_steps200/endpoint_curves.csv,1bd96539f8ecdbb4e1606ec1e414fd7f182c80204c88d1ee1ae30680b835d6bb
SIDER,0,hetero_spl,val,server,0.5598728672933245,27,results/reviewer_revision_20260831/server_synced/formal_v3/endpoint_diagnostic_20260912/cases/endpoint_SIDER_seed0_fedavg_proto_kl16_kg16_lam0p1_steps200/endpoint_curves.csv,1bd96539f8ecdbb4e1606ec1e414fd7f182c80204c88d1ee1ae30680b835d6bb
SIDER,0,hetero_spl,val,clients_mean,0.5588444444951571,27,results/reviewer_revision_20260831/server_synced/formal_v3/endpoint_diagnostic_20260912/cases/endpoint_SIDER_seed0_fedavg_proto_kl16_kg16_lam0p1_steps200/endpoint_curves.csv,1bd96539f8ecdbb4e1606ec1e414fd7f182c80204c88d1ee1ae30680b835d6bb
SIDER,0,permuted_spl,test,server,0.5842346055868495,27,results/reviewer_revision_20260831/server_split_20260917/mechanism/cases/descriptor_correspondence_SIDER_seed0_fedavg_proto/endpoint_curves.csv,78c29e2ff9d18bc77032ee9ce7e07fcf4d32375c78b138117b816b37f471050c
SIDER,0,permuted_spl,test,clients_mean,0.5844181185681324,27,results/reviewer_revision_20260831/server_split_20260917/mechanism/cases/descriptor_correspondence_SIDER_seed0_fedavg_proto/endpoint_curves.csv,78c29e2ff9d18bc77032ee9ce7e07fcf4d32375c78b138117b816b37f471050c
SIDER,0,permuted_spl,val,server,0.6033677313001526,27,results/reviewer_revision_20260831/server_split_20260917/mechanism/cases/descriptor_correspondence_SIDER_seed0_fedavg_proto/endpoint_curves.csv,78c29e2ff9d18bc77032ee9ce7e07fcf4d32375c78b138117b816b37f471050c
SIDER,0,permuted_spl,val,clients_mean,0.5842673172441528,27,results/reviewer_revision_20260831/server_split_20260917/mechanism/cases/descriptor_correspondence_SIDER_seed0_fedavg_proto/endpoint_curves.csv,78c29e2ff9d18bc77032ee9ce7e07fcf4d32375c78b138117b816b37f471050c
SIDER,0,iid_avg,test,server,0.5723169028292433,27,results/reviewer_revision_20260831/server_split_20260917/mechanism/cases/size_matched_iid_SIDER_seed0_avg/endpoint_curves.csv,aaaee97c5d107923c872b77d410203264ca7a10c60b3d93214f15b7966a6eb85
SIDER,0,iid_avg,test,clients_mean,0.5484654489949032,27,results/reviewer_revision_20260831/server_split_20260917/mechanism/cases/size_matched_iid_SIDER_seed0_avg/endpoint_curves.csv,aaaee97c5d107923c872b77d410203264ca7a10c60b3d93214f15b7966a6eb85
SIDER,0,iid_avg,val,server,0.5565541075000456,27,results/reviewer_revision_20260831/server_split_20260917/mechanism/cases/size_matched_iid_SIDER_seed0_avg/endpoint_curves.csv,aaaee97c5d107923c872b77d410203264ca7a10c60b3d93214f15b7966a6eb85
SIDER,0,iid_avg,val,clients_mean,0.571970811667374,27,results/reviewer_revision_20260831/server_split_20260917/mechanism/cases/size_matched_iid_SIDER_seed0_avg/endpoint_curves.csv,aaaee97c5d107923c872b77d410203264ca7a10c60b3d93214f15b7966a6eb85
SIDER,0,iid_spl,test,server,0.5771195111887318,27,results/reviewer_revision_20260831/server_split_20260917/mechanism/cases/size_matched_iid_SIDER_seed0_fedavg_proto/endpoint_curves.csv,23378c0de004efe194a88c8b98f1a3a15f0aaab296f924b2f3862156c491abd1
SIDER,0,iid_spl,test,clients_mean,0.5737028231740544,27,results/reviewer_revision_20260831/server_split_20260917/mechanism/cases/size_matched_iid_SIDER_seed0_fedavg_proto/endpoint_curves.csv,23378c0de004efe194a88c8b98f1a3a15f0aaab296f924b2f3862156c491abd1
SIDER,0,iid_spl,val,server,0.6059835021707701,27,results/reviewer_revision_20260831/server_split_20260917/mechanism/cases/size_matched_iid_SIDER_seed0_fedavg_proto/endpoint_curves.csv,23378c0de004efe194a88c8b98f1a3a15f0aaab296f924b2f3862156c491abd1
SIDER,0,iid_spl,val,clients_mean,0.6072423174635069,27,results/reviewer_revision_20260831/server_split_20260917/mechanism/cases/size_matched_iid_SIDER_seed0_fedavg_proto/endpoint_curves.csv,23378c0de004efe194a88c8b98f1a3a15f0aaab296f924b2f3862156c491abd1
SIDER,1,hetero_avg,test,server,0.5762072850933921,26,results/reviewer_revision_20260831/server_synced/formal_v3/endpoint_diagnostic_20260912/cases/endpoint_SIDER_seed1_avg_kl16_kg16_lam0p0_steps200/endpoint_curves.csv,9677a398407217693cd3a550185e7ef2b4886ff7d3ecf025380b27075fd5c62a
SIDER,1,hetero_avg,test,clients_mean,0.5756673153863753,26,results/reviewer_revision_20260831/server_synced/formal_v3/endpoint_diagnostic_20260912/cases/endpoint_SIDER_seed1_avg_kl16_kg16_lam0p0_steps200/endpoint_curves.csv,9677a398407217693cd3a550185e7ef2b4886ff7d3ecf025380b27075fd5c62a
SIDER,1,hetero_avg,val,server,0.6055327585384455,27,results/reviewer_revision_20260831/server_synced/formal_v3/endpoint_diagnostic_20260912/cases/endpoint_SIDER_seed1_avg_kl16_kg16_lam0p0_steps200/endpoint_curves.csv,9677a398407217693cd3a550185e7ef2b4886ff7d3ecf025380b27075fd5c62a
SIDER,1,hetero_avg,val,clients_mean,0.5944586599024224,27,results/reviewer_revision_20260831/server_synced/formal_v3/endpoint_diagnostic_20260912/cases/endpoint_SIDER_seed1_avg_kl16_kg16_lam0p0_steps200/endpoint_curves.csv,9677a398407217693cd3a550185e7ef2b4886ff7d3ecf025380b27075fd5c62a
SIDER,1,hetero_spl,test,server,0.5985869925779553,26,results/reviewer_revision_20260831/server_synced/formal_v3/endpoint_diagnostic_20260912/cases/endpoint_SIDER_seed1_fedavg_proto_kl16_kg16_lam0p1_steps200/endpoint_curves.csv,985043c3cacf1d77d671f02bcab1330bc4824644aefa95200c814113699cfc10
SIDER,1,hetero_spl,test,clients_mean,0.5916186277970814,26,results/reviewer_revision_20260831/server_synced/formal_v3/endpoint_diagnostic_20260912/cases/endpoint_SIDER_seed1_fedavg_proto_kl16_kg16_lam0p1_steps200/endpoint_curves.csv,985043c3cacf1d77d671f02bcab1330bc4824644aefa95200c814113699cfc10
SIDER,1,hetero_spl,val,server,0.6429216219483824,27,results/reviewer_revision_20260831/server_synced/formal_v3/endpoint_diagnostic_20260912/cases/endpoint_SIDER_seed1_fedavg_proto_kl16_kg16_lam0p1_steps200/endpoint_curves.csv,985043c3cacf1d77d671f02bcab1330bc4824644aefa95200c814113699cfc10
SIDER,1,hetero_spl,val,clients_mean,0.6168310466727788,27,results/reviewer_revision_20260831/server_synced/formal_v3/endpoint_diagnostic_20260912/cases/endpoint_SIDER_seed1_fedavg_proto_kl16_kg16_lam0p1_steps200/endpoint_curves.csv,985043c3cacf1d77d671f02bcab1330bc4824644aefa95200c814113699cfc10
SIDER,1,permuted_spl,test,server,0.5940041016533603,26,results/reviewer_revision_20260831/server_split_20260917/mechanism/cases/descriptor_correspondence_SIDER_seed1_fedavg_proto/endpoint_curves.csv,d0bf66118794ad57a3498d8bbff149d12c9e33d8c398d8ab3419f95b1b7e527c
SIDER,1,permuted_spl,test,clients_mean,0.5880877601221169,26,results/reviewer_revision_20260831/server_split_20260917/mechanism/cases/descriptor_correspondence_SIDER_seed1_fedavg_proto/endpoint_curves.csv,d0bf66118794ad57a3498d8bbff149d12c9e33d8c398d8ab3419f95b1b7e527c
SIDER,1,permuted_spl,val,server,0.6506881078392593,27,results/reviewer_revision_20260831/server_split_20260917/mechanism/cases/descriptor_correspondence_SIDER_seed1_fedavg_proto/endpoint_curves.csv,d0bf66118794ad57a3498d8bbff149d12c9e33d8c398d8ab3419f95b1b7e527c
SIDER,1,permuted_spl,val,clients_mean,0.6224984508448671,27,results/reviewer_revision_20260831/server_split_20260917/mechanism/cases/descriptor_correspondence_SIDER_seed1_fedavg_proto/endpoint_curves.csv,d0bf66118794ad57a3498d8bbff149d12c9e33d8c398d8ab3419f95b1b7e527c
SIDER,1,iid_avg,test,server,0.5725291595966525,26,results/reviewer_revision_20260831/server_split_20260917/mechanism/cases/size_matched_iid_SIDER_seed1_avg/endpoint_curves.csv,0276467f13e3094a773df16af9337e7cb31fc16a81b74014a99ace8ca4faf877
SIDER,1,iid_avg,test,clients_mean,0.5699285183858858,26,results/reviewer_revision_20260831/server_split_20260917/mechanism/cases/size_matched_iid_SIDER_seed1_avg/endpoint_curves.csv,0276467f13e3094a773df16af9337e7cb31fc16a81b74014a99ace8ca4faf877
SIDER,1,iid_avg,val,server,0.6038231279710771,27,results/reviewer_revision_20260831/server_split_20260917/mechanism/cases/size_matched_iid_SIDER_seed1_avg/endpoint_curves.csv,0276467f13e3094a773df16af9337e7cb31fc16a81b74014a99ace8ca4faf877
SIDER,1,iid_avg,val,clients_mean,0.5923090648221364,27,results/reviewer_revision_20260831/server_split_20260917/mechanism/cases/size_matched_iid_SIDER_seed1_avg/endpoint_curves.csv,0276467f13e3094a773df16af9337e7cb31fc16a81b74014a99ace8ca4faf877
SIDER,1,iid_spl,test,server,0.5817023416092212,26,results/reviewer_revision_20260831/server_split_20260917/mechanism/cases/size_matched_iid_SIDER_seed1_fedavg_proto/endpoint_curves.csv,ac15f3a0477d05fcafa8f3f8549d8775db3c5053e6b7796383f07b2d32a47242
SIDER,1,iid_spl,test,clients_mean,0.5831367196545556,26,results/reviewer_revision_20260831/server_split_20260917/mechanism/cases/size_matched_iid_SIDER_seed1_fedavg_proto/endpoint_curves.csv,ac15f3a0477d05fcafa8f3f8549d8775db3c5053e6b7796383f07b2d32a47242
SIDER,1,iid_spl,val,server,0.6326570028663836,27,results/reviewer_revision_20260831/server_split_20260917/mechanism/cases/size_matched_iid_SIDER_seed1_fedavg_proto/endpoint_curves.csv,ac15f3a0477d05fcafa8f3f8549d8775db3c5053e6b7796383f07b2d32a47242
SIDER,1,iid_spl,val,clients_mean,0.6148988640063929,27,results/reviewer_revision_20260831/server_split_20260917/mechanism/cases/size_matched_iid_SIDER_seed1_fedavg_proto/endpoint_curves.csv,ac15f3a0477d05fcafa8f3f8549d8775db3c5053e6b7796383f07b2d32a47242
SIDER,2,hetero_avg,test,server,0.5383264690141787,27,results/reviewer_revision_20260831/server_synced/formal_v3/endpoint_diagnostic_20260912/cases/endpoint_SIDER_seed2_avg_kl16_kg16_lam0p0_steps200/endpoint_curves.csv,7844c4417d3b78bc224476d3506c36fef4bdf22de25ff423acb4bcde46ef55c6
SIDER,2,hetero_avg,test,clients_mean,0.5491515193599686,27,results/reviewer_revision_20260831/server_synced/formal_v3/endpoint_diagnostic_20260912/cases/endpoint_SIDER_seed2_avg_kl16_kg16_lam0p0_steps200/endpoint_curves.csv,7844c4417d3b78bc224476d3506c36fef4bdf22de25ff423acb4bcde46ef55c6
SIDER,2,hetero_avg,val,server,0.6590371763177948,27,results/reviewer_revision_20260831/server_synced/formal_v3/endpoint_diagnostic_20260912/cases/endpoint_SIDER_seed2_avg_kl16_kg16_lam0p0_steps200/endpoint_curves.csv,7844c4417d3b78bc224476d3506c36fef4bdf22de25ff423acb4bcde46ef55c6
SIDER,2,hetero_avg,val,clients_mean,0.6307259344752227,27,results/reviewer_revision_20260831/server_synced/formal_v3/endpoint_diagnostic_20260912/cases/endpoint_SIDER_seed2_avg_kl16_kg16_lam0p0_steps200/endpoint_curves.csv,7844c4417d3b78bc224476d3506c36fef4bdf22de25ff423acb4bcde46ef55c6
SIDER,2,hetero_spl,test,server,0.6417102134245597,27,results/reviewer_revision_20260831/server_synced/formal_v3/endpoint_diagnostic_20260912/cases/endpoint_SIDER_seed2_fedavg_proto_kl16_kg16_lam0p1_steps200/endpoint_curves.csv,880c662a6cdcb29d619a9df6af8e3ca967a79c32db7cfb2cecbffcce0a072545
SIDER,2,hetero_spl,test,clients_mean,0.5908186868076115,27,results/reviewer_revision_20260831/server_synced/formal_v3/endpoint_diagnostic_20260912/cases/endpoint_SIDER_seed2_fedavg_proto_kl16_kg16_lam0p1_steps200/endpoint_curves.csv,880c662a6cdcb29d619a9df6af8e3ca967a79c32db7cfb2cecbffcce0a072545
SIDER,2,hetero_spl,val,server,0.7199827770985586,27,results/reviewer_revision_20260831/server_synced/formal_v3/endpoint_diagnostic_20260912/cases/endpoint_SIDER_seed2_fedavg_proto_kl16_kg16_lam0p1_steps200/endpoint_curves.csv,880c662a6cdcb29d619a9df6af8e3ca967a79c32db7cfb2cecbffcce0a072545
SIDER,2,hetero_spl,val,clients_mean,0.6762919037635559,27,results/reviewer_revision_20260831/server_synced/formal_v3/endpoint_diagnostic_20260912/cases/endpoint_SIDER_seed2_fedavg_proto_kl16_kg16_lam0p1_steps200/endpoint_curves.csv,880c662a6cdcb29d619a9df6af8e3ca967a79c32db7cfb2cecbffcce0a072545
SIDER,2,permuted_spl,test,server,0.5699727808792819,27,results/reviewer_revision_20260831/server_split_20260917/mechanism/cases/descriptor_correspondence_SIDER_seed2_fedavg_proto/endpoint_curves.csv,cec3ec3c97d3acddd626e78ab9fdad3fc53ac34904e8214a3a02ef7f537f6f2c
SIDER,2,permuted_spl,test,clients_mean,0.5645646207439508,27,results/reviewer_revision_20260831/server_split_20260917/mechanism/cases/descriptor_correspondence_SIDER_seed2_fedavg_proto/endpoint_curves.csv,cec3ec3c97d3acddd626e78ab9fdad3fc53ac34904e8214a3a02ef7f537f6f2c
SIDER,2,permuted_spl,val,server,0.6385021440020724,27,results/reviewer_revision_20260831/server_split_20260917/mechanism/cases/descriptor_correspondence_SIDER_seed2_fedavg_proto/endpoint_curves.csv,cec3ec3c97d3acddd626e78ab9fdad3fc53ac34904e8214a3a02ef7f537f6f2c
SIDER,2,permuted_spl,val,clients_mean,0.6192878624621234,27,results/reviewer_revision_20260831/server_split_20260917/mechanism/cases/descriptor_correspondence_SIDER_seed2_fedavg_proto/endpoint_curves.csv,cec3ec3c97d3acddd626e78ab9fdad3fc53ac34904e8214a3a02ef7f537f6f2c
SIDER,2,iid_avg,test,server,0.5234053797440521,27,results/reviewer_revision_20260831/server_split_20260917/mechanism/cases/size_matched_iid_SIDER_seed2_avg/endpoint_curves.csv,23ce4742bb377ed000619e74898e1f3aeb534863c5d24bf9ae6f0e36d4cf4c49
SIDER,2,iid_avg,test,clients_mean,0.5861751411245433,27,results/reviewer_revision_20260831/server_split_20260917/mechanism/cases/size_matched_iid_SIDER_seed2_avg/endpoint_curves.csv,23ce4742bb377ed000619e74898e1f3aeb534863c5d24bf9ae6f0e36d4cf4c49
SIDER,2,iid_avg,val,server,0.5247935861167756,27,results/reviewer_revision_20260831/server_split_20260917/mechanism/cases/size_matched_iid_SIDER_seed2_avg/endpoint_curves.csv,23ce4742bb377ed000619e74898e1f3aeb534863c5d24bf9ae6f0e36d4cf4c49
SIDER,2,iid_avg,val,clients_mean,0.5931721635686886,27,results/reviewer_revision_20260831/server_split_20260917/mechanism/cases/size_matched_iid_SIDER_seed2_avg/endpoint_curves.csv,23ce4742bb377ed000619e74898e1f3aeb534863c5d24bf9ae6f0e36d4cf4c49
SIDER,2,iid_spl,test,server,0.5786644553641502,27,results/reviewer_revision_20260831/server_split_20260917/mechanism/cases/size_matched_iid_SIDER_seed2_fedavg_proto/endpoint_curves.csv,c5552bee00631b0978245bb956757362c3b6fe2d8168866e68503a0378c3eb2c
SIDER,2,iid_spl,test,clients_mean,0.5768176658537212,27,results/reviewer_revision_20260831/server_split_20260917/mechanism/cases/size_matched_iid_SIDER_seed2_fedavg_proto/endpoint_curves.csv,c5552bee00631b0978245bb956757362c3b6fe2d8168866e68503a0378c3eb2c
SIDER,2,iid_spl,val,server,0.6452619729129848,27,results/reviewer_revision_20260831/server_split_20260917/mechanism/cases/size_matched_iid_SIDER_seed2_fedavg_proto/endpoint_curves.csv,c5552bee00631b0978245bb956757362c3b6fe2d8168866e68503a0378c3eb2c
SIDER,2,iid_spl,val,clients_mean,0.6459829049430887,27,results/reviewer_revision_20260831/server_split_20260917/mechanism/cases/size_matched_iid_SIDER_seed2_fedavg_proto/endpoint_curves.csv,c5552bee00631b0978245bb956757362c3b6fe2d8168866e68503a0378c3eb2c
Tox21,0,hetero_avg,test,server,0.7695379576667872,12,results/reviewer_revision_20260831/server_synced/formal_v3/endpoint_diagnostic_20260912/cases/endpoint_Tox21_seed0_avg_kl16_kg16_lam0p0_steps200/endpoint_curves.csv,6b8f288dd1f655a552a6319b82cedf83b0da6c80ab524cdf8fe0c1e3fe6712b5
Tox21,0,hetero_avg,test,clients_mean,0.7598614100652986,12,results/reviewer_revision_20260831/server_synced/formal_v3/endpoint_diagnostic_20260912/cases/endpoint_Tox21_seed0_avg_kl16_kg16_lam0p0_steps200/endpoint_curves.csv,6b8f288dd1f655a552a6319b82cedf83b0da6c80ab524cdf8fe0c1e3fe6712b5
Tox21,0,hetero_avg,val,server,0.7877132315519274,12,results/reviewer_revision_20260831/server_synced/formal_v3/endpoint_diagnostic_20260912/cases/endpoint_Tox21_seed0_avg_kl16_kg16_lam0p0_steps200/endpoint_curves.csv,6b8f288dd1f655a552a6319b82cedf83b0da6c80ab524cdf8fe0c1e3fe6712b5
Tox21,0,hetero_avg,val,clients_mean,0.7817235446918921,12,results/reviewer_revision_20260831/server_synced/formal_v3/endpoint_diagnostic_20260912/cases/endpoint_Tox21_seed0_avg_kl16_kg16_lam0p0_steps200/endpoint_curves.csv,6b8f288dd1f655a552a6319b82cedf83b0da6c80ab524cdf8fe0c1e3fe6712b5
Tox21,0,hetero_spl,test,server,0.756483459743407,12,results/reviewer_revision_20260831/server_synced/formal_v3/endpoint_diagnostic_20260912/cases/endpoint_Tox21_seed0_fedavg_proto_kl16_kg16_lam0p1_steps200/endpoint_curves.csv,da606a4f3ed1a34fa34158152eb6847248994cf1aabc00982862c97e6ef80ed4
Tox21,0,hetero_spl,test,clients_mean,0.7493131931443262,12,results/reviewer_revision_20260831/server_synced/formal_v3/endpoint_diagnostic_20260912/cases/endpoint_Tox21_seed0_fedavg_proto_kl16_kg16_lam0p1_steps200/endpoint_curves.csv,da606a4f3ed1a34fa34158152eb6847248994cf1aabc00982862c97e6ef80ed4
Tox21,0,hetero_spl,val,server,0.7831266349167563,12,results/reviewer_revision_20260831/server_synced/formal_v3/endpoint_diagnostic_20260912/cases/endpoint_Tox21_seed0_fedavg_proto_kl16_kg16_lam0p1_steps200/endpoint_curves.csv,da606a4f3ed1a34fa34158152eb6847248994cf1aabc00982862c97e6ef80ed4
Tox21,0,hetero_spl,val,clients_mean,0.7786421987926698,12,results/reviewer_revision_20260831/server_synced/formal_v3/endpoint_diagnostic_20260912/cases/endpoint_Tox21_seed0_fedavg_proto_kl16_kg16_lam0p1_steps200/endpoint_curves.csv,da606a4f3ed1a34fa34158152eb6847248994cf1aabc00982862c97e6ef80ed4
Tox21,0,permuted_spl,test,server,0.7770766924494966,12,results/reviewer_revision_20260831/server_split_20260917/mechanism/cases/descriptor_correspondence_Tox21_seed0_fedavg_proto/endpoint_curves.csv,4ed4796ded05e3496a79ddaa470313bb59a8ec92325f8ea730e6e4d296c4c02f
Tox21,0,permuted_spl,test,clients_mean,0.7702165674212953,12,results/reviewer_revision_20260831/server_split_20260917/mechanism/cases/descriptor_correspondence_Tox21_seed0_fedavg_proto/endpoint_curves.csv,4ed4796ded05e3496a79ddaa470313bb59a8ec92325f8ea730e6e4d296c4c02f
Tox21,0,permuted_spl,val,server,0.7907122999059387,12,results/reviewer_revision_20260831/server_split_20260917/mechanism/cases/descriptor_correspondence_Tox21_seed0_fedavg_proto/endpoint_curves.csv,4ed4796ded05e3496a79ddaa470313bb59a8ec92325f8ea730e6e4d296c4c02f
Tox21,0,permuted_spl,val,clients_mean,0.7845738436042506,12,results/reviewer_revision_20260831/server_split_20260917/mechanism/cases/descriptor_correspondence_Tox21_seed0_fedavg_proto/endpoint_curves.csv,4ed4796ded05e3496a79ddaa470313bb59a8ec92325f8ea730e6e4d296c4c02f
Tox21,0,iid_avg,test,server,0.7886688891045625,12,results/reviewer_revision_20260831/server_split_20260917/mechanism/cases/size_matched_iid_Tox21_seed0_avg/endpoint_curves.csv,af8c580920f59b2aeaa08efcc3b8e1a6dc64bc1f7db2ebbf1719f271dbbe830c
Tox21,0,iid_avg,test,clients_mean,0.7806576141545145,12,results/reviewer_revision_20260831/server_split_20260917/mechanism/cases/size_matched_iid_Tox21_seed0_avg/endpoint_curves.csv,af8c580920f59b2aeaa08efcc3b8e1a6dc64bc1f7db2ebbf1719f271dbbe830c
Tox21,0,iid_avg,val,server,0.7957142708863754,12,results/reviewer_revision_20260831/server_split_20260917/mechanism/cases/size_matched_iid_Tox21_seed0_avg/endpoint_curves.csv,af8c580920f59b2aeaa08efcc3b8e1a6dc64bc1f7db2ebbf1719f271dbbe830c
Tox21,0,iid_avg,val,clients_mean,0.7895564529436649,12,results/reviewer_revision_20260831/server_split_20260917/mechanism/cases/size_matched_iid_Tox21_seed0_avg/endpoint_curves.csv,af8c580920f59b2aeaa08efcc3b8e1a6dc64bc1f7db2ebbf1719f271dbbe830c
Tox21,0,iid_spl,test,server,0.7861617714061371,12,results/reviewer_revision_20260831/server_split_20260917/mechanism/cases/size_matched_iid_Tox21_seed0_fedavg_proto/endpoint_curves.csv,542d5a206c990d9f26dd3b54f12cbb52e641ee439cb6dff0d0da5da14ddae293
Tox21,0,iid_spl,test,clients_mean,0.7812624476479882,12,results/reviewer_revision_20260831/server_split_20260917/mechanism/cases/size_matched_iid_Tox21_seed0_fedavg_proto/endpoint_curves.csv,542d5a206c990d9f26dd3b54f12cbb52e641ee439cb6dff0d0da5da14ddae293
Tox21,0,iid_spl,val,server,0.7979655889414753,12,results/reviewer_revision_20260831/server_split_20260917/mechanism/cases/size_matched_iid_Tox21_seed0_fedavg_proto/endpoint_curves.csv,542d5a206c990d9f26dd3b54f12cbb52e641ee439cb6dff0d0da5da14ddae293
Tox21,0,iid_spl,val,clients_mean,0.795136969839178,12,results/reviewer_revision_20260831/server_split_20260917/mechanism/cases/size_matched_iid_Tox21_seed0_fedavg_proto/endpoint_curves.csv,542d5a206c990d9f26dd3b54f12cbb52e641ee439cb6dff0d0da5da14ddae293
Tox21,1,hetero_avg,test,server,0.7966712364798892,12,results/reviewer_revision_20260831/server_synced/formal_v3/endpoint_diagnostic_20260912/cases/endpoint_Tox21_seed1_avg_kl16_kg16_lam0p0_steps200/endpoint_curves.csv,f2e53c1d7b912eac7f37ca232172fce467c4daa1b2ba95d31dda55d4c3853b8e
Tox21,1,hetero_avg,test,clients_mean,0.7832153900877072,12,results/reviewer_revision_20260831/server_synced/formal_v3/endpoint_diagnostic_20260912/cases/endpoint_Tox21_seed1_avg_kl16_kg16_lam0p0_steps200/endpoint_curves.csv,f2e53c1d7b912eac7f37ca232172fce467c4daa1b2ba95d31dda55d4c3853b8e
Tox21,1,hetero_avg,val,server,0.789590209729389,12,results/reviewer_revision_20260831/server_synced/formal_v3/endpoint_diagnostic_20260912/cases/endpoint_Tox21_seed1_avg_kl16_kg16_lam0p0_steps200/endpoint_curves.csv,f2e53c1d7b912eac7f37ca232172fce467c4daa1b2ba95d31dda55d4c3853b8e
Tox21,1,hetero_avg,val,clients_mean,0.7776441665312377,12,results/reviewer_revision_20260831/server_synced/formal_v3/endpoint_diagnostic_20260912/cases/endpoint_Tox21_seed1_avg_kl16_kg16_lam0p0_steps200/endpoint_curves.csv,f2e53c1d7b912eac7f37ca232172fce467c4daa1b2ba95d31dda55d4c3853b8e
Tox21,1,hetero_spl,test,server,0.7956055958117609,12,results/reviewer_revision_20260831/server_synced/formal_v3/endpoint_diagnostic_20260912/cases/endpoint_Tox21_seed1_fedavg_proto_kl16_kg16_lam0p1_steps200/endpoint_curves.csv,f019fff44e75d9d1e900da55eabc2327c7abc70a1a24da89df178e7ed790ca0d
Tox21,1,hetero_spl,test,clients_mean,0.7881036869850524,12,results/reviewer_revision_20260831/server_synced/formal_v3/endpoint_diagnostic_20260912/cases/endpoint_Tox21_seed1_fedavg_proto_kl16_kg16_lam0p1_steps200/endpoint_curves.csv,f019fff44e75d9d1e900da55eabc2327c7abc70a1a24da89df178e7ed790ca0d
Tox21,1,hetero_spl,val,server,0.7918850839969759,12,results/reviewer_revision_20260831/server_synced/formal_v3/endpoint_diagnostic_20260912/cases/endpoint_Tox21_seed1_fedavg_proto_kl16_kg16_lam0p1_steps200/endpoint_curves.csv,f019fff44e75d9d1e900da55eabc2327c7abc70a1a24da89df178e7ed790ca0d
Tox21,1,hetero_spl,val,clients_mean,0.7809823660770094,12,results/reviewer_revision_20260831/server_synced/formal_v3/endpoint_diagnostic_20260912/cases/endpoint_Tox21_seed1_fedavg_proto_kl16_kg16_lam0p1_steps200/endpoint_curves.csv,f019fff44e75d9d1e900da55eabc2327c7abc70a1a24da89df178e7ed790ca0d
Tox21,1,permuted_spl,test,server,0.7923116479772244,12,results/reviewer_revision_20260831/server_split_20260917/mechanism/cases/descriptor_correspondence_Tox21_seed1_fedavg_proto/endpoint_curves.csv,6d6416dc648ca2bf329945beba7ebd95e20f67c5ebe759170931841200d52980
Tox21,1,permuted_spl,test,clients_mean,0.7845241774166705,12,results/reviewer_revision_20260831/server_split_20260917/mechanism/cases/descriptor_correspondence_Tox21_seed1_fedavg_proto/endpoint_curves.csv,6d6416dc648ca2bf329945beba7ebd95e20f67c5ebe759170931841200d52980
Tox21,1,permuted_spl,val,server,0.7880313913587891,12,results/reviewer_revision_20260831/server_split_20260917/mechanism/cases/descriptor_correspondence_Tox21_seed1_fedavg_proto/endpoint_curves.csv,6d6416dc648ca2bf329945beba7ebd95e20f67c5ebe759170931841200d52980
Tox21,1,permuted_spl,val,clients_mean,0.7793231090389569,12,results/reviewer_revision_20260831/server_split_20260917/mechanism/cases/descriptor_correspondence_Tox21_seed1_fedavg_proto/endpoint_curves.csv,6d6416dc648ca2bf329945beba7ebd95e20f67c5ebe759170931841200d52980
Tox21,1,iid_avg,test,server,0.8071103181609498,12,results/reviewer_revision_20260831/server_split_20260917/mechanism/cases/size_matched_iid_Tox21_seed1_avg/endpoint_curves.csv,745cf53a7e6687175c12d2fba8e9ac725ea88d33793338ad143c8df39d8a9b37
Tox21,1,iid_avg,test,clients_mean,0.7995339175077866,12,results/reviewer_revision_20260831/server_split_20260917/mechanism/cases/size_matched_iid_Tox21_seed1_avg/endpoint_curves.csv,745cf53a7e6687175c12d2fba8e9ac725ea88d33793338ad143c8df39d8a9b37
Tox21,1,iid_avg,val,server,0.7870514647949566,12,results/reviewer_revision_20260831/server_split_20260917/mechanism/cases/size_matched_iid_Tox21_seed1_avg/endpoint_curves.csv,745cf53a7e6687175c12d2fba8e9ac725ea88d33793338ad143c8df39d8a9b37
Tox21,1,iid_avg,val,clients_mean,0.7804559423211387,12,results/reviewer_revision_20260831/server_split_20260917/mechanism/cases/size_matched_iid_Tox21_seed1_avg/endpoint_curves.csv,745cf53a7e6687175c12d2fba8e9ac725ea88d33793338ad143c8df39d8a9b37
Tox21,1,iid_spl,test,server,0.7964870282795409,12,results/reviewer_revision_20260831/server_split_20260917/mechanism/cases/size_matched_iid_Tox21_seed1_fedavg_proto/endpoint_curves.csv,7097f9152522a64e44b44be2a1e2b53f9a1068a691b8d1923664150b98ca802b
Tox21,1,iid_spl,test,clients_mean,0.791618188635182,12,results/reviewer_revision_20260831/server_split_20260917/mechanism/cases/size_matched_iid_Tox21_seed1_fedavg_proto/endpoint_curves.csv,7097f9152522a64e44b44be2a1e2b53f9a1068a691b8d1923664150b98ca802b
Tox21,1,iid_spl,val,server,0.7645555456826137,12,results/reviewer_revision_20260831/server_split_20260917/mechanism/cases/size_matched_iid_Tox21_seed1_fedavg_proto/endpoint_curves.csv,7097f9152522a64e44b44be2a1e2b53f9a1068a691b8d1923664150b98ca802b
Tox21,1,iid_spl,val,clients_mean,0.7608742085214346,12,results/reviewer_revision_20260831/server_split_20260917/mechanism/cases/size_matched_iid_Tox21_seed1_fedavg_proto/endpoint_curves.csv,7097f9152522a64e44b44be2a1e2b53f9a1068a691b8d1923664150b98ca802b
Tox21,2,hetero_avg,test,server,0.8148912121742865,12,results/reviewer_revision_20260831/server_synced/formal_v3/endpoint_diagnostic_20260912/cases/endpoint_Tox21_seed2_avg_kl16_kg16_lam0p0_steps200/endpoint_curves.csv,5881879dabd6ea020f1a6bdfef8dd48ffc84cf0be4768b3f41143ff23d847806
Tox21,2,hetero_avg,test,clients_mean,0.8085976665455892,12,results/reviewer_revision_20260831/server_synced/formal_v3/endpoint_diagnostic_20260912/cases/endpoint_Tox21_seed2_avg_kl16_kg16_lam0p0_steps200/endpoint_curves.csv,5881879dabd6ea020f1a6bdfef8dd48ffc84cf0be4768b3f41143ff23d847806
Tox21,2,hetero_avg,val,server,0.7919202583535108,12,results/reviewer_revision_20260831/server_synced/formal_v3/endpoint_diagnostic_20260912/cases/endpoint_Tox21_seed2_avg_kl16_kg16_lam0p0_steps200/endpoint_curves.csv,5881879dabd6ea020f1a6bdfef8dd48ffc84cf0be4768b3f41143ff23d847806
Tox21,2,hetero_avg,val,clients_mean,0.7890025412334377,12,results/reviewer_revision_20260831/server_synced/formal_v3/endpoint_diagnostic_20260912/cases/endpoint_Tox21_seed2_avg_kl16_kg16_lam0p0_steps200/endpoint_curves.csv,5881879dabd6ea020f1a6bdfef8dd48ffc84cf0be4768b3f41143ff23d847806
Tox21,2,hetero_spl,test,server,0.8152963464573344,12,results/reviewer_revision_20260831/server_synced/formal_v3/endpoint_diagnostic_20260912/cases/endpoint_Tox21_seed2_fedavg_proto_kl16_kg16_lam0p1_steps200/endpoint_curves.csv,022e31bd0a59cc81a6f60e17788f847858a1f51f0f4eedc6641bd16402144582
Tox21,2,hetero_spl,test,clients_mean,0.8102012079118888,12,results/reviewer_revision_20260831/server_synced/formal_v3/endpoint_diagnostic_20260912/cases/endpoint_Tox21_seed2_fedavg_proto_kl16_kg16_lam0p1_steps200/endpoint_curves.csv,022e31bd0a59cc81a6f60e17788f847858a1f51f0f4eedc6641bd16402144582
Tox21,2,hetero_spl,val,server,0.7968283990553978,12,results/reviewer_revision_20260831/server_synced/formal_v3/endpoint_diagnostic_20260912/cases/endpoint_Tox21_seed2_fedavg_proto_kl16_kg16_lam0p1_steps200/endpoint_curves.csv,022e31bd0a59cc81a6f60e17788f847858a1f51f0f4eedc6641bd16402144582
Tox21,2,hetero_spl,val,clients_mean,0.7941699186057307,12,results/reviewer_revision_20260831/server_synced/formal_v3/endpoint_diagnostic_20260912/cases/endpoint_Tox21_seed2_fedavg_proto_kl16_kg16_lam0p1_steps200/endpoint_curves.csv,022e31bd0a59cc81a6f60e17788f847858a1f51f0f4eedc6641bd16402144582
Tox21,2,permuted_spl,test,server,0.810887585269894,12,results/reviewer_revision_20260831/server_split_20260917/mechanism/cases/descriptor_correspondence_Tox21_seed2_fedavg_proto/endpoint_curves.csv,261908f677edefc785767bc1f27a7cc832cd6db189e77f7b26be9588ef1a9e98
Tox21,2,permuted_spl,test,clients_mean,0.8058681459172834,12,results/reviewer_revision_20260831/server_split_20260917/mechanism/cases/descriptor_correspondence_Tox21_seed2_fedavg_proto/endpoint_curves.csv,261908f677edefc785767bc1f27a7cc832cd6db189e77f7b26be9588ef1a9e98
Tox21,2,permuted_spl,val,server,0.7949499200830895,12,results/reviewer_revision_20260831/server_split_20260917/mechanism/cases/descriptor_correspondence_Tox21_seed2_fedavg_proto/endpoint_curves.csv,261908f677edefc785767bc1f27a7cc832cd6db189e77f7b26be9588ef1a9e98
Tox21,2,permuted_spl,val,clients_mean,0.7907006068152513,12,results/reviewer_revision_20260831/server_split_20260917/mechanism/cases/descriptor_correspondence_Tox21_seed2_fedavg_proto/endpoint_curves.csv,261908f677edefc785767bc1f27a7cc832cd6db189e77f7b26be9588ef1a9e98
Tox21,2,iid_avg,test,server,0.813373246971434,12,results/reviewer_revision_20260831/server_split_20260917/mechanism/cases/size_matched_iid_Tox21_seed2_avg/endpoint_curves.csv,b59695d00a669fa9ba428c5f59349b1e472e12ddd8404aa384ddf5ab47852951
Tox21,2,iid_avg,test,clients_mean,0.8073709715493812,12,results/reviewer_revision_20260831/server_split_20260917/mechanism/cases/size_matched_iid_Tox21_seed2_avg/endpoint_curves.csv,b59695d00a669fa9ba428c5f59349b1e472e12ddd8404aa384ddf5ab47852951
Tox21,2,iid_avg,val,server,0.793724840537419,12,results/reviewer_revision_20260831/server_split_20260917/mechanism/cases/size_matched_iid_Tox21_seed2_avg/endpoint_curves.csv,b59695d00a669fa9ba428c5f59349b1e472e12ddd8404aa384ddf5ab47852951
Tox21,2,iid_avg,val,clients_mean,0.7911113322127897,12,results/reviewer_revision_20260831/server_split_20260917/mechanism/cases/size_matched_iid_Tox21_seed2_avg/endpoint_curves.csv,b59695d00a669fa9ba428c5f59349b1e472e12ddd8404aa384ddf5ab47852951
Tox21,2,iid_spl,test,server,0.8145829201771475,12,results/reviewer_revision_20260831/server_split_20260917/mechanism/cases/size_matched_iid_Tox21_seed2_fedavg_proto/endpoint_curves.csv,42c5f2d60b191125a2ff66fbd047ccf392d04a7085b71fe5230c7779766ccb8e
Tox21,2,iid_spl,test,clients_mean,0.8084996102535124,12,results/reviewer_revision_20260831/server_split_20260917/mechanism/cases/size_matched_iid_Tox21_seed2_fedavg_proto/endpoint_curves.csv,42c5f2d60b191125a2ff66fbd047ccf392d04a7085b71fe5230c7779766ccb8e
Tox21,2,iid_spl,val,server,0.808077704150517,12,results/reviewer_revision_20260831/server_split_20260917/mechanism/cases/size_matched_iid_Tox21_seed2_fedavg_proto/endpoint_curves.csv,42c5f2d60b191125a2ff66fbd047ccf392d04a7085b71fe5230c7779766ccb8e
Tox21,2,iid_spl,val,clients_mean,0.8030273706415362,12,results/reviewer_revision_20260831/server_split_20260917/mechanism/cases/size_matched_iid_Tox21_seed2_fedavg_proto/endpoint_curves.csv,42c5f2d60b191125a2ff66fbd047ccf392d04a7085b71fe5230c7779766ccb8e
