dataset,split,model_scope,comparison,seed,difference_auc_pp
SIDER,test,server,hetero_spl_minus_avg,0,1.5035281330864292
SIDER,test,server,hetero_spl_minus_avg,1,2.2379707484563194
SIDER,test,server,hetero_spl_minus_avg,2,10.3383744410381
SIDER,test,server,true_minus_permuted_structure,0,0.75504390676574
SIDER,test,server,true_minus_permuted_structure,1,0.45828909245950733
SIDER,test,server,true_minus_permuted_structure,2,7.173743254527776
SIDER,test,server,iid_spl_minus_avg,0,0.4802608359488536
SIDER,test,server,iid_spl_minus_avg,1,0.917318201256867
SIDER,test,server,iid_spl_minus_avg,2,5.525907562009813
SIDER,test,server,hetero_minus_iid_gain,0,1.0232672971375756
SIDER,test,server,hetero_minus_iid_gain,1,1.3206525471994524
SIDER,test,server,hetero_minus_iid_gain,2,4.812466879028287
SIDER,test,clients_mean,hetero_spl_minus_avg,0,1.6279221490186124
SIDER,test,clients_mean,hetero_spl_minus_avg,1,1.595131241070613
SIDER,test,clients_mean,hetero_spl_minus_avg,2,4.166716744764287
SIDER,test,clients_mean,true_minus_permuted_structure,0,0.19009403363859922
SIDER,test,clients_mean,true_minus_permuted_structure,1,0.35308676749644663
SIDER,test,clients_mean,true_minus_permuted_structure,2,2.6254066063660764
SIDER,test,clients_mean,iid_spl_minus_avg,0,2.5237374179151173
SIDER,test,clients_mean,iid_spl_minus_avg,1,1.320820126866984
SIDER,test,clients_mean,iid_spl_minus_avg,2,-0.9357475270822091
SIDER,test,clients_mean,hetero_minus_iid_gain,0,-0.8958152688965049
SIDER,test,clients_mean,hetero_minus_iid_gain,1,0.2743111142036292
SIDER,test,clients_mean,hetero_minus_iid_gain,2,5.102464271846497
SIDER,val,server,hetero_spl_minus_avg,0,-3.253635437912461
SIDER,val,server,hetero_spl_minus_avg,1,3.7388863409936968
SIDER,val,server,hetero_spl_minus_avg,2,6.094560078076383
SIDER,val,server,true_minus_permuted_structure,0,-4.349486400682812
SIDER,val,server,true_minus_permuted_structure,1,-0.7766485890876917
SIDER,val,server,true_minus_permuted_structure,2,8.148063309648624
SIDER,val,server,iid_spl_minus_avg,0,4.942939467072449
SIDER,val,server,iid_spl_minus_avg,1,2.8833874895306533
SIDER,val,server,iid_spl_minus_avg,2,12.046838679620919
SIDER,val,server,hetero_minus_iid_gain,0,-8.19657490498491
SIDER,val,server,hetero_minus_iid_gain,1,0.8554988514630435
SIDER,val,server,hetero_minus_iid_gain,2,-5.952278601544537
SIDER,val,clients_mean,hetero_spl_minus_avg,0,-1.6059472175287692
SIDER,val,clients_mean,hetero_spl_minus_avg,1,2.2372386770356356
SIDER,val,clients_mean,hetero_spl_minus_avg,2,4.5565969288333115
SIDER,val,clients_mean,true_minus_permuted_structure,0,-2.5422872748995684
SIDER,val,clients_mean,true_minus_permuted_structure,1,-0.5667404172088331
SIDER,val,clients_mean,true_minus_permuted_structure,2,5.700404130143244
SIDER,val,clients_mean,iid_spl_minus_avg,0,3.527150579613292
SIDER,val,clients_mean,iid_spl_minus_avg,1,2.258979918425652
SIDER,val,clients_mean,iid_spl_minus_avg,2,5.281074137440012
SIDER,val,clients_mean,hetero_minus_iid_gain,0,-5.133097797142061
SIDER,val,clients_mean,hetero_minus_iid_gain,1,-0.02174124139001643
SIDER,val,clients_mean,hetero_minus_iid_gain,2,-0.7244772086066997
Tox21,test,server,hetero_spl_minus_avg,0,-1.3054497923380204
Tox21,test,server,hetero_spl_minus_avg,1,-0.10656406681283093
Tox21,test,server,hetero_spl_minus_avg,2,0.04051342830478921
Tox21,test,server,true_minus_permuted_structure,0,-2.0593232706089593
Tox21,test,server,true_minus_permuted_structure,1,0.3293947834536515
Tox21,test,server,true_minus_permuted_structure,2,0.440876118744038
Tox21,test,server,iid_spl_minus_avg,0,-0.2507117698425376
Tox21,test,server,iid_spl_minus_avg,1,-1.0623289881408926
Tox21,test,server,iid_spl_minus_avg,2,0.1209673205713524
Tox21,test,server,hetero_minus_iid_gain,0,-1.0547380224954828
Tox21,test,server,hetero_minus_iid_gain,1,0.9557649213280617
Tox21,test,server,hetero_minus_iid_gain,2,-0.08045389226656319
Tox21,test,clients_mean,hetero_spl_minus_avg,0,-1.0548216920972409
Tox21,test,clients_mean,hetero_spl_minus_avg,1,0.4888296897345157
Tox21,test,clients_mean,hetero_spl_minus_avg,2,0.1603541366299588
Tox21,test,clients_mean,true_minus_permuted_structure,0,-2.090337427696909
Tox21,test,clients_mean,true_minus_permuted_structure,1,0.35795095683819333
Tox21,test,clients_mean,true_minus_permuted_structure,2,0.43330619946053694
Tox21,test,clients_mean,iid_spl_minus_avg,0,0.060483349347373316
Tox21,test,clients_mean,iid_spl_minus_avg,1,-0.791572887260461
Tox21,test,clients_mean,iid_spl_minus_avg,2,0.11286387041311574
Tox21,test,clients_mean,hetero_minus_iid_gain,0,-1.1153050414446142
Tox21,test,clients_mean,hetero_minus_iid_gain,1,1.2804025769949767
Tox21,test,clients_mean,hetero_minus_iid_gain,2,0.04749026621684305
Tox21,val,server,hetero_spl_minus_avg,0,-0.4586596635171136
Tox21,val,server,hetero_spl_minus_avg,1,0.22948742675868994
Tox21,val,server,hetero_spl_minus_avg,2,0.4908140701887054
Tox21,val,server,true_minus_permuted_structure,0,-0.758566498918245
Tox21,val,server,true_minus_permuted_structure,1,0.3853692638186801
Tox21,val,server,true_minus_permuted_structure,2,0.18784789723083062
Tox21,val,server,iid_spl_minus_avg,0,0.22513180550999268
Tox21,val,server,iid_spl_minus_avg,1,-2.2495919112342833
Tox21,val,server,iid_spl_minus_avg,2,1.4352863613098066
Tox21,val,server,hetero_minus_iid_gain,0,-0.6837914690271063
Tox21,val,server,hetero_minus_iid_gain,1,2.479079337992973
Tox21,val,server,hetero_minus_iid_gain,2,-0.9444722911211012
Tox21,val,clients_mean,hetero_spl_minus_avg,0,-0.30813458992222653
Tox21,val,clients_mean,hetero_spl_minus_avg,1,0.3338199545771747
Tox21,val,clients_mean,hetero_spl_minus_avg,2,0.5167377372293003
Tox21,val,clients_mean,true_minus_permuted_structure,0,-0.5931644811580816
Tox21,val,clients_mean,true_minus_permuted_structure,1,0.16592570380525862
Tox21,val,clients_mean,true_minus_permuted_structure,2,0.3469311790479379
Tox21,val,clients_mean,iid_spl_minus_avg,0,0.5580516895513088
Tox21,val,clients_mean,iid_spl_minus_avg,1,-1.958173379970407
Tox21,val,clients_mean,iid_spl_minus_avg,2,1.1916038428746445
Tox21,val,clients_mean,hetero_minus_iid_gain,0,-0.8661862794735353
Tox21,val,clients_mean,hetero_minus_iid_gain,1,2.291993334547582
Tox21,val,clients_mean,hetero_minus_iid_gain,2,-0.6748661056453442
