dataset,alpha,seed,round,unmasked_val_auc,masked_val_auc,unmasked_test_auc,masked_test_auc
Tox21,0.1,2,0,0.6395275701929594,0.655070903009719,0.6362889802219353,0.6494420362246386
Tox21,0.1,2,1,0.6754412326163655,0.6882335440122942,0.6660551613898812,0.6780254925217677
Tox21,0.1,2,2,0.6869646741048921,0.6993438339227924,0.6718337776898652,0.6834006793440469
Tox21,0.1,2,3,0.6999537338624201,0.7132211151194956,0.6864160490509539,0.698173363029409
Tox21,0.1,2,4,0.7084565160693804,0.722977216162807,0.6922773620007678,0.7040684410053437
Tox21,0.1,2,5,0.7160991377792142,0.7310758291477013,0.7012497297965906,0.7136448749406153
Tox21,0.1,2,6,0.7198874322489187,0.7357941601235618,0.7083585428776362,0.7211900745689176
Tox21,0.1,2,7,0.7265534266192598,0.7434499807776334,0.7145122241901292,0.7278586298260308
Tox21,0.1,2,8,0.7321633460072644,0.7499536016898437,0.7187948856594933,0.7329435912936569
Tox21,0.1,2,9,0.7343843378025746,0.7525760796449411,0.7205448862269161,0.7348931636320958
Tox21,0.1,2,10,0.7355710654549772,0.7538922173477168,0.7219647119389382,0.7364866439644189
Tox21,0.1,2,11,0.7374961115503247,0.7559984835209104,0.7233145985353807,0.7381490068503967
Tox21,0.1,2,12,0.7377474866160391,0.7564060231980427,0.725148568480038,0.7399969411360257
Tox21,0.1,2,13,0.7372405127102045,0.7556941963468474,0.7263501210643365,0.7410298800405549
Tox21,0.1,2,14,0.7372127451964395,0.7557293388002079,0.7282059324209219,0.7429194983408524
Tox21,0.1,2,15,0.7386310717375911,0.7571359127570821,0.7302259188233119,0.7450292953531079
Tox21,0.1,2,16,0.7394295801565306,0.7579693428058468,0.7329728163110896,0.7479143216622646
Tox21,0.1,2,17,0.7404179005705739,0.7590285332204002,0.7355835115345623,0.7504997032280052
Tox21,0.1,2,18,0.7412603519093768,0.7597225460973208,0.7380228193304162,0.7529526375526457
Tox21,0.1,2,19,0.7425763721517425,0.7608401524712606,0.7406530456252497,0.7557131307239843
Tox21,0.1,2,20,0.7444089756354654,0.7626455345474549,0.7426907076147392,0.7577435825431262
Tox21,0.1,2,21,0.7461601644266925,0.7641799117539284,0.7444977874571933,0.7595538266929727
Tox21,0.1,2,22,0.7479040104494709,0.7657955531158707,0.7460278314938869,0.7610923936016425
Tox21,0.1,2,23,0.7494376263531396,0.7671027651273548,0.7475330719676944,0.7625188038008553
Tox21,0.1,2,24,0.7506459874053352,0.7682916318306633,0.7494063292084164,0.7643595417559306
Tox21,0.1,2,25,0.7518109953946143,0.7693932486039277,0.7508171383774105,0.7658193776453585
Tox21,0.1,2,26,0.7534410713115781,0.7708726408724197,0.7522084368088119,0.7668588703207971
Tox21,0.1,2,27,0.7547469056009811,0.7721055888487615,0.753990912472328,0.7686128128670946
Tox21,0.1,2,28,0.7552899060016011,0.7725928408505419,0.7549228469528826,0.7694981711282144
Tox21,0.1,2,29,0.7558798933231431,0.7731036923169937,0.7555792329051609,0.7701442279214006
Tox21,0.1,2,30,0.7567580132220758,0.7738772618378965,0.7563848880186078,0.7708487548444128
Tox21,0.1,2,31,0.7577540629418814,0.7747020107118382,0.7572975595090984,0.7716845729441331
Tox21,0.1,2,32,0.7584988510583702,0.7753781982791161,0.7581152399494236,0.7724476888359004
Tox21,0.1,2,33,0.7591997381686627,0.7760716613316911,0.7588889753099136,0.7732693887386325
Tox21,0.1,2,34,0.759883007751328,0.7767729602496803,0.7594046718134887,0.7738169013102895
Tox21,0.1,2,35,0.7608482622774235,0.7777216485665307,0.7599964182826654,0.7744583550407893
Tox21,0.1,2,36,0.7615743250749819,0.7783593194271242,0.7605378605422469,0.7750181742327222
Tox21,0.1,2,37,0.762011538360888,0.7786959757351944,0.761510267314836,0.7761048648409764
Tox21,0.1,2,38,0.7627900859562943,0.7794801800260585,0.7625704751423156,0.7772729503432586
Tox21,0.1,2,39,0.7633019935727048,0.779825966692595,0.7633706411708897,0.7781327826025023
Tox21,0.1,2,40,0.7635833590925517,0.7801201997173256,0.7645713263087592,0.7794773232072334
Tox21,0.1,2,41,0.7635723483769854,0.7802282620743347,0.7654260052245156,0.7803640811904536
Tox21,0.1,2,42,0.7634582082458236,0.7800544261665655,0.7661948642802265,0.7812986788624973
Tox21,0.1,2,43,0.7630320391215962,0.7794653831093782,0.7667700190017915,0.781939340190335
Tox21,0.1,2,44,0.7628775023070832,0.779164555321337,0.7674770492563084,0.7827607733354786
Tox21,0.1,2,45,0.7631231844943988,0.77924713480966,0.7683756045784099,0.7837065421912897
Tox21,0.1,2,46,0.7629414170678706,0.7789374262693779,0.7690060273511777,0.7844701238942439
Tox21,0.1,2,47,0.7629481089299232,0.7789024073303127,0.7696836641163047,0.7852354777849846
Tox21,0.1,2,48,0.7628888828871453,0.7788349843834753,0.7703510193752332,0.7859846646620546
Tox21,0.1,2,49,0.7629581842557945,0.7788545822412464,0.7707825524809904,0.7864070077086822
