dataset,seed,case_id,method,endpoint,final_test_auc,final_val_auc,valid_test_tasks,blocks,updates_per_block,successful_updates,alpha,protocol,source,source_sha256,completion_sha256,final_checkpoint_sha256,server_certificate_sha256
BBBP,0,central_BBBP_seed0,Centralized MPNN,final_test_block49,0.8372717508055854,0.8466606088141754,1,50,800,40000,not_applicable,central_mpnn_reviewer_v3_50x800_v1,results/reviewer_revision_20260831/deadline_queue_20260920/central_mpnn/queue/cases/central_BBBP_seed0/endpoints.json,b41356bdb222205036d954c4fb4380ea17ef98c369805acc0a8798c15a3057d5,2e3e5caf2747b9965187433b1c4bc1cd5486abea9bc8c6032e07506ab2b16063,55526083bf52db88f3210fe65f12b3715523b26b0583c47f5b1acdfac6569c28,ece91dd734e8efca8ad4fcc34ed5ee70928ba673076a7fc044a5ea9559dee91d
BBBP,1,central_BBBP_seed1,Centralized MPNN,final_test_block49,0.8381482016466849,0.8525345622119815,1,50,800,40000,not_applicable,central_mpnn_reviewer_v3_50x800_v1,results/reviewer_revision_20260831/deadline_queue_20260920/central_mpnn/queue/cases/central_BBBP_seed1/endpoints.json,40a01113de0844f51930e8d31335f99799a55eb83d5d1f641667a94f10611bbf,bf710a7fdaffb9353dc9b03475f076eaa3e7aaabfbc3dbe75f2613e63c338ecc,3a9fa76cd112a1237fc6e181ea50ff5b7ab57f17f752c72951ff47bf76e01493,ece91dd734e8efca8ad4fcc34ed5ee70928ba673076a7fc044a5ea9559dee91d
BBBP,2,central_BBBP_seed2,Centralized MPNN,final_test_block49,0.8807809640024407,0.8350888742593813,1,50,800,40000,not_applicable,central_mpnn_reviewer_v3_50x800_v1,results/reviewer_revision_20260831/deadline_queue_20260920/central_mpnn/queue/cases/central_BBBP_seed2/endpoints.json,337abf10ac3c1d15727ab2b04c9509bfc62e9e9ed178212d15de4703400dbc57,f98485ac966ca08123dd47e9daea612fc3fe2e0c6f84704d9dfddbb20438531e,4c195293b8f52eb75460dcc167ceed24bbd55e20798b424088ef7294b05f754c,ece91dd734e8efca8ad4fcc34ed5ee70928ba673076a7fc044a5ea9559dee91d
SIDER,0,central_SIDER_seed0,Centralized MPNN,final_test_block49,0.6135797876346212,0.5981663679400028,27,50,800,40000,not_applicable,central_mpnn_reviewer_v3_50x800_v1,results/reviewer_revision_20260831/deadline_queue_20260920/central_mpnn/queue/cases/central_SIDER_seed0/endpoints.json,c182c959d87acc66e84c049a761a50f78115fcbee08f3d634aec7e78168cc16b,2a95357b390eb28211eff8c163411a1626bd2fc222f70e867f43f1977d63a865,0f954c8e2fff1280cd5cb7725c6afffc38a110357bb884745ea1c990a735e436,ece91dd734e8efca8ad4fcc34ed5ee70928ba673076a7fc044a5ea9559dee91d
SIDER,1,central_SIDER_seed1,Centralized MPNN,final_test_block49,0.6181356900693599,0.6626074185570487,26,50,800,40000,not_applicable,central_mpnn_reviewer_v3_50x800_v1,results/reviewer_revision_20260831/deadline_queue_20260920/central_mpnn/queue/cases/central_SIDER_seed1/endpoints.json,431723ef96845a3aaacb64717416be26c9973af9bc56bd37f77054207d07f6ee,fde95503b4d32d56c7a6c2763c9d17e80e923b41fe5a6a97187e0d0ec320cbf6,49f03af365d1322c134a240bbaf4aea9dce9409ef58fcf74cf151ede2ccc7e82,ece91dd734e8efca8ad4fcc34ed5ee70928ba673076a7fc044a5ea9559dee91d
SIDER,2,central_SIDER_seed2,Centralized MPNN,final_test_block49,0.571146929411987,0.6113125198250627,27,50,800,40000,not_applicable,central_mpnn_reviewer_v3_50x800_v1,results/reviewer_revision_20260831/deadline_queue_20260920/central_mpnn/queue/cases/central_SIDER_seed2/endpoints.json,8f801ec7f49704559b3a0e9df468146556027516ee36b52b5d98f41aab788cde,de44832378d688098bfcb140533cebea318c4f859bbd80f31b4314ed6b0f4a04,290cba16caf58bd9223453a68891fe32afbf7d365247e4703a4f3193e5818993,ece91dd734e8efca8ad4fcc34ed5ee70928ba673076a7fc044a5ea9559dee91d
Tox21,0,central_Tox21_seed0,Centralized MPNN,final_test_block49,0.8220791707110339,0.8250675351186034,12,50,800,40000,not_applicable,central_mpnn_reviewer_v3_50x800_v1,results/reviewer_revision_20260831/deadline_queue_20260920/central_mpnn/queue/cases/central_Tox21_seed0/endpoints.json,f503206ecb17ea69a1eafc6780ba241b358b0e88ffb92d23ce275ea07e192241,b0b5d04b76183457850a1582de07bc08d8b664b1eb6ad3b2a4d23c8f6b07f6ed,49da204c3388b344765a9c29255d71b50be2cbe64aafd25a27a6da777fe8eaba,ece91dd734e8efca8ad4fcc34ed5ee70928ba673076a7fc044a5ea9559dee91d
Tox21,1,central_Tox21_seed1,Centralized MPNN,final_test_block49,0.8162326192595196,0.8021495160736126,12,50,800,40000,not_applicable,central_mpnn_reviewer_v3_50x800_v1,results/reviewer_revision_20260831/deadline_queue_20260920/central_mpnn/queue/cases/central_Tox21_seed1/endpoints.json,13725864f23ebbced0d1855857c500e5892eaf3b7ed5d062e858b651155809c1,727ae4c8b5877e393fcc2517cde8867da8cd3a327df61a2f5bde3a054498c4d4,86bd7820d36fca8c4bf7efea6066a8c8cd9d67195842460c759e3a8b9e51b541,ece91dd734e8efca8ad4fcc34ed5ee70928ba673076a7fc044a5ea9559dee91d
Tox21,2,central_Tox21_seed2,Centralized MPNN,final_test_block49,0.8395649476689414,0.8318267540697081,12,50,800,40000,not_applicable,central_mpnn_reviewer_v3_50x800_v1,results/reviewer_revision_20260831/deadline_queue_20260920/central_mpnn/queue/cases/central_Tox21_seed2/endpoints.json,c14f7d54b38b0977230b9eeefad4252e4bbe0ee1ef6f84f43c9d2e46fbba226b,d89a8a567444800422c206d2e9b148aca1be0f6666928fed50b8a62854aa19c0,302fa84901a3886db6790b5784fd7372d6f4df66e6da0190a5cc3386cfb36463,ece91dd734e8efca8ad4fcc34ed5ee70928ba673076a7fc044a5ea9559dee91d
HIV,0,central_HIV_seed0,Centralized MPNN,final_test_block49,0.8116983936250949,0.789482048095534,1,50,800,40000,not_applicable,central_mpnn_reviewer_v3_50x800_v1,results/reviewer_revision_20260831/deadline_queue_20260920/central_mpnn/queue/cases/central_HIV_seed0/endpoints.json,10ecd5ebffecebb36880f8b221bdf2e1ed216b6a2e42a55a657e368dd99df7db,7370916fa36875b8981bfa20fafd2dd9186c750571f1748ca4de2d5cf54a7390,fded25efeb145c18ffd487993e98d4f264060320fbb0c5450d3869729937721d,ece91dd734e8efca8ad4fcc34ed5ee70928ba673076a7fc044a5ea9559dee91d
HIV,1,central_HIV_seed1,Centralized MPNN,final_test_block49,0.7766518644494836,0.7420887056023734,1,50,800,40000,not_applicable,central_mpnn_reviewer_v3_50x800_v1,results/reviewer_revision_20260831/deadline_queue_20260920/central_mpnn/queue/cases/central_HIV_seed1/endpoints.json,710d200dc1cc7e2e48dbb40bac94ca7fb1721820febe52966b2f0436e7d4dea4,940c7ae5a12870f5b904fc2c9301c0dec147f296ec118d8131c908015abc15db,0287a7a6e7731a31babba77fbe388fdd3a39926a6b81395fa0de0ad1a4aba9aa,ece91dd734e8efca8ad4fcc34ed5ee70928ba673076a7fc044a5ea9559dee91d
HIV,2,central_HIV_seed2,Centralized MPNN,final_test_block49,0.7819578663538033,0.7425720666481419,1,50,800,40000,not_applicable,central_mpnn_reviewer_v3_50x800_v1,results/reviewer_revision_20260831/deadline_queue_20260920/central_mpnn/queue/cases/central_HIV_seed2/endpoints.json,2e6b1922600bc838911a652db905ad7998b3636c92543f36bdcbb699a2172385,fa429ee27ee7b70933016eaa6fc75349374a17140d3f3313472735a2bb507b11,776af673d05f1b4f70e770cca065921e33b46045b5ec7eac6a1929a75a8f8d34,ece91dd734e8efca8ad4fcc34ed5ee70928ba673076a7fc044a5ea9559dee91d
ToxCast,0,central_ToxCast_seed0,Centralized MPNN,final_test_block49,0.6784391386057823,0.7069989011101016,610,50,800,40000,not_applicable,central_mpnn_reviewer_v3_50x800_v1,results/reviewer_revision_20260831/deadline_queue_20260920/central_mpnn/queue/cases/central_ToxCast_seed0/endpoints.json,c803d617bf0cf3d3b6c958a95d78a67585ef2c1fee207ca1a837a9527aa58911,6a02b5df9deb115cf10922142915a4d12f4c0ef5ab351e3a2597bf9bc1d9b2a0,02b74433285daecf0134ec956e14aa1e521ff48fdc2aa24e5c664552e0dbedd8,ece91dd734e8efca8ad4fcc34ed5ee70928ba673076a7fc044a5ea9559dee91d
ToxCast,1,central_ToxCast_seed1,Centralized MPNN,final_test_block49,0.7189631380044391,0.6884503782675774,608,50,800,40000,not_applicable,central_mpnn_reviewer_v3_50x800_v1,results/reviewer_revision_20260831/deadline_queue_20260920/central_mpnn/queue/cases/central_ToxCast_seed1/endpoints.json,7dd76f3cf7d69a12a0d1882bde089cbdc53d00f791346b2aee3c868d25c3b63b,871cb1e258c99237c70ceece22dada19156d74f66565ba37b8f58fbe7323c583,e631a35fc3c31f366b0e695a8b33cc7be387850037ef6913d837239f9bcb44be,ece91dd734e8efca8ad4fcc34ed5ee70928ba673076a7fc044a5ea9559dee91d
ToxCast,2,central_ToxCast_seed2,Centralized MPNN,final_test_block49,0.7185841059991023,0.6891949851732703,600,50,800,40000,not_applicable,central_mpnn_reviewer_v3_50x800_v1,results/reviewer_revision_20260831/deadline_queue_20260920/central_mpnn/queue/cases/central_ToxCast_seed2/endpoints.json,076ee63df4112b5ae23307de6dc88b42493112c63ff3acf3ea086ba57e5a2506,6b201eefdb825e4bb49bac2b5a24e6c6595db64a3f464c8bcc5a769b15eb2cf3,0fa81fb790a5b58dca285fb68b396b17171a43a85323590b0fd4a3e4eb2b8f5f,ece91dd734e8efca8ad4fcc34ed5ee70928ba673076a7fc044a5ea9559dee91d
